id,url,caption
0,https://raw.githubusercontent.com/milindkulgod/image/master/0.jpg,"['a', 'man', 'on', 'a', 'bike', 'riding', 'a', 'dirt', 'road']"
1,https://raw.githubusercontent.com/milindkulgod/image/master/1.jpg,"['a', 'dog', 'nose', 'and', 'scarf', 'stands', 'on', 'the', 'grass']"
2,https://raw.githubusercontent.com/milindkulgod/image/master/2.jpg,"['a', 'dog', 'is', 'holding', 'a', 'collar', 'sitting', 'on', 'top', 'of', 'a', 'snowy', 'ledge']"
3,https://raw.githubusercontent.com/milindkulgod/image/master/3.jpg,"['a', 'black', 'and', 'white', 'dog', 'running', 'with', 'a', 'frisbee']"
4,https://raw.githubusercontent.com/milindkulgod/image/master/4.jpg,"['a', 'dog', 'is', 'napping', 'on', 'top', 'of', 'a', 'luggage']"
5,https://raw.githubusercontent.com/milindkulgod/image/master/5.jpg,"['a', 'dog', 'is', 'standing', 'on', 'top', 'of', 'a', 'yellow', 'frisbee']"
6,https://raw.githubusercontent.com/milindkulgod/image/master/6.jpg,"['a', 'dog', 'is', 'too', 'close', 'to', 'each', 'other']"
7,https://raw.githubusercontent.com/milindkulgod/image/master/7.jpg,"['a', 'young', 'boy', 'playing', 'a', 'frisbee']"
8,https://raw.githubusercontent.com/milindkulgod/image/master/8.jpg,"['a', 'person', 'in', 'the', 'air', 'while', 'riding', 'a', 'snow', 'board']"
9,https://raw.githubusercontent.com/milindkulgod/image/master/9.jpg,"['a', 'dog', 'wading', 'in', 'the', 'grass']"
10,https://raw.githubusercontent.com/milindkulgod/image/master/10.jpg,"['a', 'baseball', 'player', 'is', 'played', 'on', 'a', 'fast', 'pitch']"
11,https://raw.githubusercontent.com/milindkulgod/image/master/11.jpg,"['a', 'man', 'jumping', 'in', 'the', 'air']"
12,https://raw.githubusercontent.com/milindkulgod/image/master/12.jpg,"['a', 'dog', 'is', 'standing', 'in', 'the', 'water']"
13,https://raw.githubusercontent.com/milindkulgod/image/master/13.jpg,"['a', 'statue', 'of', 'a', 'couple']"
14,https://raw.githubusercontent.com/milindkulgod/image/master/14.jpg,"['a', 'baby', 'chewing', 'on', 'the', 'beach']"
15,https://raw.githubusercontent.com/milindkulgod/image/master/15.jpg,"['a', 'man', 'in', 'a', 'red', 'and', 'a', 'fish', 'costume']"
16,https://raw.githubusercontent.com/milindkulgod/image/master/16.jpg,"['a', 'man', 'and', 'a', 'man', 'riding', 'a', 'wet', 'suits', 'walking', 'along', 'the', 'beach']"
17,https://raw.githubusercontent.com/milindkulgod/image/master/17.jpg,"['a', 'young', 'boy']"
18,https://raw.githubusercontent.com/milindkulgod/image/master/18.jpg,"['a', 'dog', 'is', 'standing', 'next', 'to', 'each', 'other']"
19,https://raw.githubusercontent.com/milindkulgod/image/master/19.jpg,"['a', 'man', 'with', 'a', 'dog', 'sitting', 'in', 'a', 'costume']"
20,https://raw.githubusercontent.com/milindkulgod/image/master/20.jpg,"['a', 'small', 'child', 'at', 'a', 'cellphone']"
21,https://raw.githubusercontent.com/milindkulgod/image/master/21.jpg,"['a', 'man', 'sitting', 'on', 'a', 'bench']"
22,https://raw.githubusercontent.com/milindkulgod/image/master/22.jpg,"['a', 'small', 'white', 'dog', 'is', 'walking', 'across', 'the', 'water']"
23,https://raw.githubusercontent.com/milindkulgod/image/master/23.jpg,"['a', 'person', 'sitting', 'on', 'top', 'with', 'a', 'large', 'stack', 'of', 'a', 'red', 'painted', 'on', 'it']"
24,https://raw.githubusercontent.com/milindkulgod/image/master/24.jpg,"['a', 'truck', 'is', 'moves', 'on', 'the', 'sand', 'near', 'the', 'water']"
25,https://raw.githubusercontent.com/milindkulgod/image/master/25.jpg,"['a', 'man', 'is', 'using', 'a', 'bird', 'on', 'the', 'rocks']"
26,https://raw.githubusercontent.com/milindkulgod/image/master/26.jpg,"['a', 'dog', 'snuggled', 'up', 'in', 'a', 'dog']"
27,https://raw.githubusercontent.com/milindkulgod/image/master/27.jpg,"['a', 'man', 'holding', 'a', 'cell', 'phone']"
28,https://raw.githubusercontent.com/milindkulgod/image/master/28.jpg,"['a', 'young', 'girl', 'holding', 'a', 'baby', 'holding', 'a', 'hand', 'to', 'throw', 'a', 'frisbee', 'in', 'the', 'water']"
29,https://raw.githubusercontent.com/milindkulgod/image/master/29.jpg,"['a', 'young', 'boy', 'holding', 'a', 'frisbee', 'in', 'the', 'water']"
30,https://raw.githubusercontent.com/milindkulgod/image/master/30.jpg,"['a', 'man', 'in', 'the', 'air', 'while', 'riding', 'a', 'board']"
31,https://raw.githubusercontent.com/milindkulgod/image/master/31.jpg,"['a', 'dog', 'is', 'sniffing', 'a', 'collar', 'looking', 'at', 'a', 'body', 'of', 'water']"
32,https://raw.githubusercontent.com/milindkulgod/image/master/32.jpg,"['a', 'man', 'holding', 'a', 'dog', 'stands', 'on', 'a', 'boat']"
33,https://raw.githubusercontent.com/milindkulgod/image/master/33.jpg,"['a', 'man', 'is', 'shown', 'on', 'a', 'bike']"
34,https://raw.githubusercontent.com/milindkulgod/image/master/34.jpg,"['a', 'man', 'on', 'skis', 'walking', 'in', 'the', 'snow']"
35,https://raw.githubusercontent.com/milindkulgod/image/master/35.jpg,"['a', 'dog', 'is', 'sniffing', 'a', 'frisbee']"
36,https://raw.githubusercontent.com/milindkulgod/image/master/36.jpg,"['a', 'man', 'using', 'a', 'banana']"
37,https://raw.githubusercontent.com/milindkulgod/image/master/37.jpg,"['a', 'dog', 'is', 'sniffing', 'a', 'dog', 'lying', 'in', 'a', 'field']"
38,https://raw.githubusercontent.com/milindkulgod/image/master/38.jpg,"['a', 'small', 'girl', 'that', 'is', 'sitting', 'in', 'the', 'snow', 'board']"
39,https://raw.githubusercontent.com/milindkulgod/image/master/39.jpg,"['a', 'bunch', 'of', 'horses', 'grazing', 'in', 'the', 'rivers', 'edge']"
40,https://raw.githubusercontent.com/milindkulgod/image/master/40.jpg,"['a', 'bus', 'driver', 'is', 'parked', 'in', 'the', 'desert']"
41,https://raw.githubusercontent.com/milindkulgod/image/master/41.jpg,"['a', 'white', 'bear', 'stands', 'in', 'a', 'grass', 'covered', 'ground']"
42,https://raw.githubusercontent.com/milindkulgod/image/master/42.jpg,"['a', 'small', 'toy', 'truck', 'is', 'in', 'the', 'water']"
43,https://raw.githubusercontent.com/milindkulgod/image/master/43.jpg,"['a', 'group', 'of', 'young', 'girls', 'are', 'playing', 'soccer', 'in', 'match']"
44,https://raw.githubusercontent.com/milindkulgod/image/master/44.jpg,"['a', 'large', 'group', 'of', 'women', 'are', 'holding', 'a', 'dog']"
45,https://raw.githubusercontent.com/milindkulgod/image/master/45.jpg,"['a', 'dog', 'on', 'a', 'dog', 'on', 'a', 'boat']"
46,https://raw.githubusercontent.com/milindkulgod/image/master/46.jpg,"['a', 'sad', 'looking', 'at', 'the', 'back']"
47,https://raw.githubusercontent.com/milindkulgod/image/master/47.jpg,"['a', 'young', 'man', 'is', 'headed', 'down', 'at', 'the', 'ground']"
48,https://raw.githubusercontent.com/milindkulgod/image/master/48.jpg,"['a', 'large', 'group', 'of', 'people', 'went', 'down', 'the', 'street']"
49,https://raw.githubusercontent.com/milindkulgod/image/master/49.jpg,"['a', 'dog', 'is', 'resting', 'in', 'the', 'snow']"
50,https://raw.githubusercontent.com/milindkulgod/image/master/50.jpg,"['a', 'couple', 'of', 'people', 'standing', 'next', 'to', 'a', 'dog', 'in', 'the', 'grass']"
51,https://raw.githubusercontent.com/milindkulgod/image/master/51.jpg,"['a', 'dog', 'lifting', 'out', 'the', 'camera', 'petting', 'a', 'drink', 'container']"
52,https://raw.githubusercontent.com/milindkulgod/image/master/52.jpg,"['a', 'woman', 'wearing', 'a', 'feather']"
53,https://raw.githubusercontent.com/milindkulgod/image/master/53.jpg,"['a', 'man', 'wearing', 'a', 'hat']"
54,https://raw.githubusercontent.com/milindkulgod/image/master/54.jpg,"['a', 'dog', 'is', 'eating', 'some', 'lime', 'slices']"
55,https://raw.githubusercontent.com/milindkulgod/image/master/55.jpg,"['a', 'truck', 'is', 'parked', 'at', 'the', 'back']"
56,https://raw.githubusercontent.com/milindkulgod/image/master/56.jpg,"['a', 'young', 'child', 'holding', 'a', 'red', 'dress', 'holds', 'a', 'red', 'umbrella']"
57,https://raw.githubusercontent.com/milindkulgod/image/master/57.jpg,"['a', 'white', 'dog', 'is', 'standing', 'next', 'to', 'a', 'cow']"
58,https://raw.githubusercontent.com/milindkulgod/image/master/58.jpg,"['a', 'man', 'squatting', 'to', 'a', 'hand']"
59,https://raw.githubusercontent.com/milindkulgod/image/master/59.jpg,"['a', 'small', 'white', 'animals', 'being', 'washed', 'in', 'a', 'river']"
60,https://raw.githubusercontent.com/milindkulgod/image/master/60.jpg,"['a', 'man', 'sits', 'on', 'a', 'subway']"
61,https://raw.githubusercontent.com/milindkulgod/image/master/61.jpg,"['a', 'group', 'of', 'people', 'playing', 'a', 'game']"
62,https://raw.githubusercontent.com/milindkulgod/image/master/62.jpg,"['a', 'young', 'child', 'holding', 'a', 'frisbee', 'in', 'the', 'background']"
63,https://raw.githubusercontent.com/milindkulgod/image/master/63.jpg,"['a', 'young', 'girl', 'sitting', 'at', 'a', 'tray']"
64,https://raw.githubusercontent.com/milindkulgod/image/master/64.jpg,"['a', 'man', 'holding', 'a', 'bat']"
65,https://raw.githubusercontent.com/milindkulgod/image/master/65.jpg,"['a', 'boat', 'is', 'sitting', 'on', 'the', 'water']"
66,https://raw.githubusercontent.com/milindkulgod/image/master/66.jpg,"['a', 'cart', 'with', 'a', 'horse', 'in', 'a', 'field']"
67,https://raw.githubusercontent.com/milindkulgod/image/master/67.jpg,"['a', 'dog', 'is', 'sniffing', 'a', 'collar', 'lying', 'in', 'a', 'cloudy', 'day']"
68,https://raw.githubusercontent.com/milindkulgod/image/master/68.jpg,"['a', 'woman', 'holding', 'a', 'phone']"
69,https://raw.githubusercontent.com/milindkulgod/image/master/69.jpg,"['a', 'bunch', 'of', 'people', 'laying', 'on', 'the', 'beach', 'shoreline']"
70,https://raw.githubusercontent.com/milindkulgod/image/master/70.jpg,"['a', 'man', 'sits', 'on', 'a', 'snowboard']"
71,https://raw.githubusercontent.com/milindkulgod/image/master/71.jpg,"['a', 'skate', 'board', 'catching', 'a', 'skateboard']"
72,https://raw.githubusercontent.com/milindkulgod/image/master/72.jpg,"['a', 'group', 'of', 'bears', 'sitting', 'on', 'the', 'water']"
73,https://raw.githubusercontent.com/milindkulgod/image/master/73.jpg,"['a', 'small', 'boy', 'chewing', 'on', 'a', 'dog', 'nearby']"
74,https://raw.githubusercontent.com/milindkulgod/image/master/74.jpg,"['a', 'man', 'on', 'a', 'suitcase', 'on', 'the', 'beach']"
75,https://raw.githubusercontent.com/milindkulgod/image/master/75.jpg,"['a', 'small', 'dog', 'is', 'sniffing', 'a', 'white', 'snow']"
76,https://raw.githubusercontent.com/milindkulgod/image/master/76.jpg,"['a', 'guy', 'in', 'a', 'teddy', 'bear']"
77,https://raw.githubusercontent.com/milindkulgod/image/master/77.jpg,"['a', 'young', 'person', 'wearing', 'a', 'red', 'tie']"
78,https://raw.githubusercontent.com/milindkulgod/image/master/78.jpg,"['a', 'young', 'boy', 'is', 'holding', 'a', 'baseball', 'cap', 'is', 'holding', 'a', 'fish']"
79,https://raw.githubusercontent.com/milindkulgod/image/master/79.jpg,"['a', 'person', 'holding', 'her', 'balance', 'as', 'a', 'tennis', 'ball']"
80,https://raw.githubusercontent.com/milindkulgod/image/master/80.jpg,"['a', 'small', 'model', 'sheep', 'gathered', 'together', 'in', 'a', 'glass']"
81,https://raw.githubusercontent.com/milindkulgod/image/master/81.jpg,"['a', 'man', 'throws', 'a', 'frisbee', 'in', 'the', 'water']"
82,https://raw.githubusercontent.com/milindkulgod/image/master/82.jpg,"['a', 'baby', 'holding', 'a', 'baby', 'in', 'a', 'red', 'chair']"
83,https://raw.githubusercontent.com/milindkulgod/image/master/83.jpg,"['a', 'group', 'of', 'people', 'standing', 'in', 'the', 'snow']"
84,https://raw.githubusercontent.com/milindkulgod/image/master/84.jpg,"['a', 'teddy', 'bear', 'is', 'holding', 'a', 'trick']"
85,https://raw.githubusercontent.com/milindkulgod/image/master/85.jpg,"['a', 'woman', 'with', 'a', 'suitcase', 'and', 'holds', 'a', 'cell', 'phone']"
86,https://raw.githubusercontent.com/milindkulgod/image/master/86.jpg,"['a', 'dog', 'is', 'standing', 'next', 'to', 'a', 'dog']"
87,https://raw.githubusercontent.com/milindkulgod/image/master/87.jpg,"['a', 'man', 'is', 'standing', 'by', 'a', 'bunch', 'of', 'people', 'in', 'a', 'room']"
88,https://raw.githubusercontent.com/milindkulgod/image/master/88.jpg,"['a', 'man', 'riding', 'a', 'bike']"
89,https://raw.githubusercontent.com/milindkulgod/image/master/89.jpg,"['a', 'man', 'on', 'a', 'red', 'shirt', 'is', 'flying', 'a', 'surf', 'board']"
90,https://raw.githubusercontent.com/milindkulgod/image/master/90.jpg,"['a', 'woman', 'holding', 'a', 'skateboard', 'on', 'a', 'slab']"
91,https://raw.githubusercontent.com/milindkulgod/image/master/91.jpg,"['a', 'dog', 'is', 'standing', 'on', 'the', 'water']"
92,https://raw.githubusercontent.com/milindkulgod/image/master/92.jpg,"['a', 'couple', 'sits', 'on', 'snow', 'covered', 'bench']"
93,https://raw.githubusercontent.com/milindkulgod/image/master/93.jpg,"['a', 'group', 'of', 'people', 'standing', 'in', 'a', 'surfboard']"
94,https://raw.githubusercontent.com/milindkulgod/image/master/94.jpg,"['a', 'young', 'boy', 'wearing', 'a', 'red', 'vest']"
95,https://raw.githubusercontent.com/milindkulgod/image/master/95.jpg,"['a', 'man', 'holding', 'a', 'baseball', 'cap', 'holding', 'a', 'baseball', 'bat']"
96,https://raw.githubusercontent.com/milindkulgod/image/master/96.jpg,"['a', 'young', 'person', 'on', 'skis', 'on', 'a', 'snowy', 'surface']"
97,https://raw.githubusercontent.com/milindkulgod/image/master/97.jpg,"['a', 'dog', 'that', 'is', 'sitting', 'on', 'top', 'of', 'a', 'forest']"
98,https://raw.githubusercontent.com/milindkulgod/image/master/98.jpg,"['a', 'young', 'child', 'focus', 'on', 'a', 'table']"
99,https://raw.githubusercontent.com/milindkulgod/image/master/99.jpg,"['a', 'man', 'is', 'holding', 'a', 'slice', 'of', 'hair', 'brushing', 'her', 'teeth']"
100,https://raw.githubusercontent.com/milindkulgod/image/master/100.jpg,"['a', 'small', 'son', 'brushing', 'his', 'teeth']"
101,https://raw.githubusercontent.com/milindkulgod/image/master/101.jpg,"['a', 'dog', 'is', 'sniffing', 'a', 'frisbee']"
102,https://raw.githubusercontent.com/milindkulgod/image/master/102.jpg,"['a', 'young', 'boy', 'standing', 'in', 'the', 'water']"
103,https://raw.githubusercontent.com/milindkulgod/image/master/103.jpg,"['a', 'dog', 'catching', 'a', 'frisbee']"
104,https://raw.githubusercontent.com/milindkulgod/image/master/104.jpg,"['a', 'boy', 'in', 'a', 'baseball', 'bat']"
105,https://raw.githubusercontent.com/milindkulgod/image/master/105.jpg,"['a', 'boy', 'holding', 'a', 'baby', 'outside', 'on', 'a', 'window']"
106,https://raw.githubusercontent.com/milindkulgod/image/master/106.jpg,"['a', 'white', 'sheep', 'standing', 'on', 'a', 'snowy', 'hill']"
107,https://raw.githubusercontent.com/milindkulgod/image/master/107.jpg,"['a', 'black', 'and', 'white', 'cats', 'in', 'the', 'snow']"
108,https://raw.githubusercontent.com/milindkulgod/image/master/108.jpg,"['a', 'black', 'haired', 'grey', 'dog', 'nose', 'stands', 'in', 'the', 'water']"
109,https://raw.githubusercontent.com/milindkulgod/image/master/109.jpg,"['a', 'man', 'standing', 'on', 'the', 'beach', 'next', 'to', 'the', 'ocean']"
110,https://raw.githubusercontent.com/milindkulgod/image/master/110.jpg,"['a', 'man', 'riding', 'a', 'skate', 'board', 'in', 'the', 'water']"
111,https://raw.githubusercontent.com/milindkulgod/image/master/111.jpg,"['a', 'boy', 'and', 'a', 'kite']"
112,https://raw.githubusercontent.com/milindkulgod/image/master/112.jpg,"['a', 'white', 'dog', 'is', 'standing', 'next', 'to', 'each', 'other']"
113,https://raw.githubusercontent.com/milindkulgod/image/master/113.jpg,"['a', 'woman', 'in', 'a', 'red', 'jacket', 'and', 'snow', 'as', 'a', 'green', 'and'', 'snow']"
114,https://raw.githubusercontent.com/milindkulgod/image/master/114.jpg,"['a', 'dog', 'is', 'sniffing', 'a', 'dog', 'toy']"
115,https://raw.githubusercontent.com/milindkulgod/image/master/115.jpg,"['a', 'small', 'desk', 'with', 'a', 'long', 'glass', 'door', 'is', 'standing', 'in', 'a', 'bathroom', 'mirror']"
116,https://raw.githubusercontent.com/milindkulgod/image/master/116.jpg,"['boat', 'docked', 'next', 'to', 'a', 'bridge']"
117,https://raw.githubusercontent.com/milindkulgod/image/master/117.jpg,"['a', 'man', 'walks', 'on', 'the', 'beach']"
118,https://raw.githubusercontent.com/milindkulgod/image/master/118.jpg,"['a', 'little', 'girl', 'in', 'a', 'baseball', 'bat']"
119,https://raw.githubusercontent.com/milindkulgod/image/master/119.jpg,"['a', 'small', 'dog', 'is', 'tied', 'to', 'each', 'other']"
120,https://raw.githubusercontent.com/milindkulgod/image/master/120.jpg,"['a', 'man', 'riding', 'a', 'trick']"
121,https://raw.githubusercontent.com/milindkulgod/image/master/121.jpg,"['a', 'dog', 'is', 'standing', 'in', 'the', 'snow', 'covered', 'ground']"
122,https://raw.githubusercontent.com/milindkulgod/image/master/122.jpg,"['a', 'woman', 'holding', 'a', 'kite', 'while', 'standing', 'next', 'to', 'each', 'other']"
123,https://raw.githubusercontent.com/milindkulgod/image/master/123.jpg,"['a', 'boat', 'is', 'sitting', 'up', 'a', 'boat']"
124,https://raw.githubusercontent.com/milindkulgod/image/master/124.jpg,"['a', 'blonde', 'girl', 'holding', 'a', 'picture', 'of', 'her', 'ear']"
125,https://raw.githubusercontent.com/milindkulgod/image/master/125.jpg,"['a', 'dog', 'is', 'standing', 'in', 'a', 'grassy', 'field']"
126,https://raw.githubusercontent.com/milindkulgod/image/master/126.jpg,"['a', 'woman', 'holding', 'a', 'doll', 'while', 'holding', 'a', 'teddy', 'bear']"
127,https://raw.githubusercontent.com/milindkulgod/image/master/127.jpg,"['a', 'man', 'on', 'a', 'bike', 'riding', 'a', 'dirt', 'road']"
128,https://raw.githubusercontent.com/milindkulgod/image/master/128.jpg,"['a', 'baby', 'suit', 'sitting', 'on', 'a', 'toilet', 'directly', 'at', 'a', 'bare', 'rotten', 'hand', 'touching', 'a', 'first', 'bucket']"
129,https://raw.githubusercontent.com/milindkulgod/image/master/129.jpg,"['a', 'man', 'on', 'a', 'skate', 'board']"
130,https://raw.githubusercontent.com/milindkulgod/image/master/130.jpg,"['a', 'man', 'holding', 'a', 'water', 'from', 'a', 'water']"
131,https://raw.githubusercontent.com/milindkulgod/image/master/131.jpg,"['a', 'dog', 'is', 'holding', 'a', 'dog', 'standing', 'on', 'a', 'dirt', 'road']"
132,https://raw.githubusercontent.com/milindkulgod/image/master/132.jpg,"['a', 'dog', 'is', 'sniffing', 'a', 'frisbee']"
133,https://raw.githubusercontent.com/milindkulgod/image/master/133.jpg,"['a', 'dog', 'is', 'standing', 'next', 'to', 'each', 'other']"
134,https://raw.githubusercontent.com/milindkulgod/image/master/134.jpg,"['a', 'yellow', 'truck', 'with', 'people', 'standing', 'around', 'a', 'truck']"
135,https://raw.githubusercontent.com/milindkulgod/image/master/135.jpg,"['a', 'man', 'in', 'a', 'suit', 'and', 'tie']"
136,https://raw.githubusercontent.com/milindkulgod/image/master/136.jpg,"['a', 'woman', 'sitting', 'on', 'a', 'pool']"
137,https://raw.githubusercontent.com/milindkulgod/image/master/137.jpg,"['a', 'girl', 'standing', 'in', 'a', 'room']"
138,https://raw.githubusercontent.com/milindkulgod/image/master/138.jpg,"['a', 'dog', 'is', 'sitting', 'on', 'the', 'surface']"
139,https://raw.githubusercontent.com/milindkulgod/image/master/139.jpg,"['a', 'surfer', 'riding', 'a', 'frisbee']"
140,https://raw.githubusercontent.com/milindkulgod/image/master/140.jpg,"['a', 'brown', 'cow', 'caring', 'its', 'reflection', 'in', 'the', 'grass', 'covered', 'ground']"
141,https://raw.githubusercontent.com/milindkulgod/image/master/141.jpg,"['a', 'young', 'boy', 'holding', 'a', 'suitcase']"
142,https://raw.githubusercontent.com/milindkulgod/image/master/142.jpg,"['a', 'young', 'boy', 'holding', 'a', 'skateboard', 'on', 'a', 'sidewalk']"
143,https://raw.githubusercontent.com/milindkulgod/image/master/143.jpg,"['a', 'dog', 'is', 'sniffing', 'a', 'frisbee']"
144,https://raw.githubusercontent.com/milindkulgod/image/master/144.jpg,"['a', 'fire', 'hydrant']"
145,https://raw.githubusercontent.com/milindkulgod/image/master/145.jpg,"['a', 'man', 'holding', 'a', 'pipeline', 'wave']"
146,https://raw.githubusercontent.com/milindkulgod/image/master/146.jpg,"['a', 'man', 'and', 'yellow', 'and', 'a', 'great'']"
147,https://raw.githubusercontent.com/milindkulgod/image/master/147.jpg,"['a', 'woman', 'holding', 'her', 'hair', 'with', 'a', 'surf', 'board']"
148,https://raw.githubusercontent.com/milindkulgod/image/master/148.jpg,"['goats', 'dog', 'stretches', 'past', 'horses']"
149,https://raw.githubusercontent.com/milindkulgod/image/master/149.jpg,"['a', 'little', 'girl', 'standing', 'in', 'a', 'grassy', 'area']"
150,https://raw.githubusercontent.com/milindkulgod/image/master/150.jpg,"['a', 'group', 'of', 'people', 'standing', 'around', 'her', 'audience']"
151,https://raw.githubusercontent.com/milindkulgod/image/master/151.jpg,"['a', 'boat', 'is', 'traveling', 'in', 'a', 'lake']"
152,https://raw.githubusercontent.com/milindkulgod/image/master/152.jpg,"['a', 'man', 'is', 'sitting', 'on', 'the', 'sidewalk']"
153,https://raw.githubusercontent.com/milindkulgod/image/master/153.jpg,"['a', 'black', 'and', 'white', 'dog', 'standing', 'on', 'top', 'of', 'a', 'table']"
154,https://raw.githubusercontent.com/milindkulgod/image/master/154.jpg,"['a', 'cow', 'standing', 'next', 'to', 'a', 'railing', 'in', 'a', 'field']"
155,https://raw.githubusercontent.com/milindkulgod/image/master/155.jpg,"['a', 'man', 'holds', 'a', 'bike']"
156,https://raw.githubusercontent.com/milindkulgod/image/master/156.jpg,"['a', 'reflection', 'out', 'in', 'the', 'water']"
157,https://raw.githubusercontent.com/milindkulgod/image/master/157.jpg,"['a', 'person', 'is', 'riding', 'a', 'brown', 'horse']"
158,https://raw.githubusercontent.com/milindkulgod/image/master/158.jpg,"['a', 'man', 'riding', 'a', 'beach', 'with', 'a', 'frisbee']"
159,https://raw.githubusercontent.com/milindkulgod/image/master/159.jpg,"['a', 'number', 'of', 'six', 'shot']"
160,https://raw.githubusercontent.com/milindkulgod/image/master/160.jpg,"['a', 'man', 'is', 'on', 'a', 'red', 'boat']"
161,https://raw.githubusercontent.com/milindkulgod/image/master/161.jpg,"['a', 'man', 'holds', 'a', 'city', 'street', 'with', 'a', 'parking', 'meters', 'are', 'standing', 'on', 'the', 'side', 'of', 'a', 'city']"
162,https://raw.githubusercontent.com/milindkulgod/image/master/162.jpg,"['a', 'dog', 'is', 'standing', 'next', 'to', 'play', 'tug', 'of', 'war', 'with', 'a', 'leash']"
163,https://raw.githubusercontent.com/milindkulgod/image/master/163.jpg,"['a', 'man', 'on', 'a', 'surfboard', 'is', 'swimming', 'in', 'the', 'water']"
164,https://raw.githubusercontent.com/milindkulgod/image/master/164.jpg,"['two', 'people', 'standing', 'on', 'the', 'side', 'of', 'the', 'water']"
165,https://raw.githubusercontent.com/milindkulgod/image/master/165.jpg,"['a', 'young', 'boy', 'sitting', 'at', 'a', 'table', 'eating', 'cake']"
166,https://raw.githubusercontent.com/milindkulgod/image/master/166.jpg,"['a', 'small', 'dog', 'is', 'sitting', 'next', 'to', 'a', 'laptop']"
167,https://raw.githubusercontent.com/milindkulgod/image/master/167.jpg,"['a', 'toy', 'train', 'tracks', 'that', 'are', 'parked', 'cars', 'sitting', 'along', 'the', 'shore', 'of', 'water']"
168,https://raw.githubusercontent.com/milindkulgod/image/master/168.jpg,"['a', 'group', 'of', 'people', 'standing', 'next', 'to', 'each', 'other', 'holding', 'a', 'picture', 'while', 'holding', 'their', 'dogs']"
169,https://raw.githubusercontent.com/milindkulgod/image/master/169.jpg,"['a', 'couple', 'sits', 'on', 'a', 'track']"
170,https://raw.githubusercontent.com/milindkulgod/image/master/170.jpg,"['a', 'man', 'holding', 'a', 'kite', 'on', 'the', 'water']"
171,https://raw.githubusercontent.com/milindkulgod/image/master/171.jpg,"['a', 'person', 'riding', 'a', 'turn', 'through', 'the', 'turn']"
172,https://raw.githubusercontent.com/milindkulgod/image/master/172.jpg,"['a', 'dog', 'is', 'sitting', 'in', 'the', 'couch']"
173,https://raw.githubusercontent.com/milindkulgod/image/master/173.jpg,"['a', 'boy', 'chewing', 'at', 'a', 'small', 'device']"
174,https://raw.githubusercontent.com/milindkulgod/image/master/174.jpg,"['a', 'boy', 'is', 'holding', 'a', 'bed', 'in', 'public']"
175,https://raw.githubusercontent.com/milindkulgod/image/master/175.jpg,"['a', 'dog', 'is', 'standing', 'next', 'to', 'each', 'other']"
176,https://raw.githubusercontent.com/milindkulgod/image/master/176.jpg,"['a', 'dog', 'is', 'feeding', 'a', 'dog']"
177,https://raw.githubusercontent.com/milindkulgod/image/master/177.jpg,"['a', 'man', 'standing', 'on', 'the', 'sidewalk']"
178,https://raw.githubusercontent.com/milindkulgod/image/master/178.jpg,"['a', 'white', 'dog', 'standing', 'next', 'to', 'a', 'tree']"
179,https://raw.githubusercontent.com/milindkulgod/image/master/179.jpg,"['a', 'black', 'and', 'white', 'dog', 'is', 'standing', 'in', 'the', 'background']"
180,https://raw.githubusercontent.com/milindkulgod/image/master/180.jpg,"['a', 'man', 'holding', 'a', 'tooth', 'brushes', 'his', 'teeth']"
181,https://raw.githubusercontent.com/milindkulgod/image/master/181.jpg,"['a', 'couple', 'of', 'people', 'are', 'standing', 'on', 'a', 'snow', 'covered', 'ground']"
182,https://raw.githubusercontent.com/milindkulgod/image/master/182.jpg,"['a', 'man', 'throwing', 'a', 'trick', 'on', 'a', 'court']"
183,https://raw.githubusercontent.com/milindkulgod/image/master/183.jpg,"['a', 'bunch', 'of', 'people', 'standing', 'on', 'the', 'side', 'of', 'a', 'snowy', 'trail']"
184,https://raw.githubusercontent.com/milindkulgod/image/master/184.jpg,"['a', 'dog', 'is', 'racing', 'and', 'a', 'boat']"
185,https://raw.githubusercontent.com/milindkulgod/image/master/185.jpg,"['a', 'group', 'of', 'guys', 'are', 'swimming', 'in', 'a', 'lake']"
186,https://raw.githubusercontent.com/milindkulgod/image/master/186.jpg,"['a', 'young', 'child', 'chewing', 'on', 'a', 'snowy', 'finish']"
187,https://raw.githubusercontent.com/milindkulgod/image/master/187.jpg,"['a', 'small', 'dog', 'is', 'standing', 'next', 'to', 'each', 'other']"
188,https://raw.githubusercontent.com/milindkulgod/image/master/188.jpg,"['a', 'person', 'on', 'a', 'bike', 'on', 'a', 'field']"
189,https://raw.githubusercontent.com/milindkulgod/image/master/189.jpg,"['a', 'black', 'and', 'white', 'image', 'of', 'people', 'standing', 'next', 'to', 'each', 'other']"
190,https://raw.githubusercontent.com/milindkulgod/image/master/190.jpg,"['a', 'young', 'girl', 'brushing', 'a', 'kite']"
191,https://raw.githubusercontent.com/milindkulgod/image/master/191.jpg,"['a', 'bicycle', 'is', 'sitting', 'on', 'a', 'bench', 'by', 'a', 'building']"
192,https://raw.githubusercontent.com/milindkulgod/image/master/192.jpg,"['a', 'man', 'is', 'swimming', 'in', 'the', 'water']"
193,https://raw.githubusercontent.com/milindkulgod/image/master/193.jpg,"['a', 'person', 'jumping', 'up', 'a', 'skateboard']"
194,https://raw.githubusercontent.com/milindkulgod/image/master/194.jpg,"['a', 'dog', 'is', 'sniffing', 'a', 'frisbee', 'in', 'the', 'water']"
195,https://raw.githubusercontent.com/milindkulgod/image/master/195.jpg,"['a', 'man', 'riding', 'a', 'bike', 'down', 'a', 'city', 'street']"
196,https://raw.githubusercontent.com/milindkulgod/image/master/196.jpg,"['a', 'group', 'of', 'people', 'standing', 'on', 'the', 'beach']"
197,https://raw.githubusercontent.com/milindkulgod/image/master/197.jpg,"['a', 'cute', 'small', 'dogs', 'play', 'with', 'a', 'boat', 'is', 'boat']"
198,https://raw.githubusercontent.com/milindkulgod/image/master/198.jpg,"['people', 'sitting', 'at', 'the', 'boats', 'in', 'the', 'water']"
199,https://raw.githubusercontent.com/milindkulgod/image/master/199.jpg,"['a', 'woman', 'is', 'swimming', 'pool']"
200,https://raw.githubusercontent.com/milindkulgod/image/master/200.jpg,"['a', 'young', 'boy', 'is', 'playing', 'a', 'briefcase']"
201,https://raw.githubusercontent.com/milindkulgod/image/master/201.jpg,"['a', 'group', 'of', 'people', 'standing', 'on', 'the', 'water']"
202,https://raw.githubusercontent.com/milindkulgod/image/master/202.jpg,"['a', 'dog', 'boat', 'that', 'is', 'in', 'its', 'mouth']"
203,https://raw.githubusercontent.com/milindkulgod/image/master/203.jpg,"['a', 'man', 'and', 'a', 'little', 'girl', 'how', 'to', 'throw', 'the', 'frisbee']"
204,https://raw.githubusercontent.com/milindkulgod/image/master/204.jpg,"['a', 'man', 'standing', 'next', 'to', 'a', 'snow']"
205,https://raw.githubusercontent.com/milindkulgod/image/master/205.jpg,"['a', 'group', 'of', 'young', 'girls', 'play', 'with', 'frisbees']"
206,https://raw.githubusercontent.com/milindkulgod/image/master/206.jpg,"['a', 'boy', 'catching', 'a', 'baseball', 'bat']"
207,https://raw.githubusercontent.com/milindkulgod/image/master/207.jpg,"['a', 'bicycle', 'parked', 'in', 'front', 'of', 'a', 'bike']"
208,https://raw.githubusercontent.com/milindkulgod/image/master/208.jpg,"['a', 'man', 'standing', 'next', 'to', 'a', 'van', 'that', 'is', 'open']"
209,https://raw.githubusercontent.com/milindkulgod/image/master/209.jpg,"['a', 'dog', 'is', 'eating', 'a', 'frizbee', 'in', 'the', 'water']"
210,https://raw.githubusercontent.com/milindkulgod/image/master/210.jpg,"['a', 'group', 'of', 'people', 'are', 'standing', 'next', 'to', 'a', 'picture', 'of', 'a', 'bus', 'driver', 'and', 'passenger', 'bus']"
211,https://raw.githubusercontent.com/milindkulgod/image/master/211.jpg,"['a', 'man', 'is', 'holding', 'a', 'baseball', 'bat']"
212,https://raw.githubusercontent.com/milindkulgod/image/master/212.jpg,"['a', 'man', 'standing', 'on', 'a', 'skateboard', 'on', 'a', 'ramp']"
213,https://raw.githubusercontent.com/milindkulgod/image/master/213.jpg,"['a', 'woman', 'holding', 'a', 'picture', 'with', 'her', 'teeth']"
214,https://raw.githubusercontent.com/milindkulgod/image/master/214.jpg,"['a', 'baby', 'brushing', 'his', 'eyes', 'is', 'holding', 'a', 'child']"
215,https://raw.githubusercontent.com/milindkulgod/image/master/215.jpg,"['a', 'group', 'of', 'people', 'sitting', 'on', 'a', 'sidecar', 'of', 'a', 'picture']"
216,https://raw.githubusercontent.com/milindkulgod/image/master/216.jpg,"['a', 'dog', 'and', 'a', 'dog', 'lying', 'in', 'the', 'water']"
217,https://raw.githubusercontent.com/milindkulgod/image/master/217.jpg,"['a', 'young', 'child', 'kneeling', 'down', 'at', 'a', 'bike']"
218,https://raw.githubusercontent.com/milindkulgod/image/master/218.jpg,"['a', 'group', 'of', 'people', 'standing', 'on', 'a', 'bench', 'talking', 'to', 'a', 'bench']"
219,https://raw.githubusercontent.com/milindkulgod/image/master/219.jpg,"['a', 'boy', 'doing', 'a', 'trick', 'on', 'top', 'of', 'a', 'cement', 'wall']"
220,https://raw.githubusercontent.com/milindkulgod/image/master/220.jpg,"['a', 'young', 'man', 'wearing', 'sunglasses', 'holding', 'a', 'cell', 'phone']"
221,https://raw.githubusercontent.com/milindkulgod/image/master/221.jpg,"['a', 'dog', 'is', 'sniffing', 'a', 'frisbee', 'in', ""it's"", 'mouth']"
222,https://raw.githubusercontent.com/milindkulgod/image/master/222.jpg,"['a', 'man', 'throwing', 'a', 'collar', 'and', 'other', 'dogs']"
223,https://raw.githubusercontent.com/milindkulgod/image/master/223.jpg,"['a', 'person', 'jumping', 'in', 'the', 'air']"
224,https://raw.githubusercontent.com/milindkulgod/image/master/224.jpg,"['a', 'man', 'standing', 'on', 'a', 'fish']"
225,https://raw.githubusercontent.com/milindkulgod/image/master/225.jpg,"['a', 'dog', 'is', 'sitting', 'on', 'a', 'tree']"
226,https://raw.githubusercontent.com/milindkulgod/image/master/226.jpg,"['a', 'small', 'dog', 'sitting', 'on', 'the', 'dirt']"
227,https://raw.githubusercontent.com/milindkulgod/image/master/227.jpg,"['a', 'group', 'of', 'people', 'standing', 'next', 'to', 'a', 'bench']"
228,https://raw.githubusercontent.com/milindkulgod/image/master/228.jpg,"['a', 'dog', 'is', 'catching', 'a', 'frisbee']"
229,https://raw.githubusercontent.com/milindkulgod/image/master/229.jpg,"['a', 'man', 'standing', 'on', 'a', 'bike']"
230,https://raw.githubusercontent.com/milindkulgod/image/master/230.jpg,"['a', 'dog', 'is', 'running', 'in', 'the', 'water']"
231,https://raw.githubusercontent.com/milindkulgod/image/master/231.jpg,"['a', 'man', 'holding', 'a', 'striped', 'tie']"
232,https://raw.githubusercontent.com/milindkulgod/image/master/232.jpg,"['a', 'young', 'boy', 'holding', 'a', 'soccer', 'ball']"
233,https://raw.githubusercontent.com/milindkulgod/image/master/233.jpg,"['a', 'kid', 'is', 'holding', 'a', 'baby']"
234,https://raw.githubusercontent.com/milindkulgod/image/master/234.jpg,"['a', 'man', 'riding', 'a', 'surfboard']"
235,https://raw.githubusercontent.com/milindkulgod/image/master/235.jpg,"['a', 'man', 'holding', 'a', 'large', 'bird']"
236,https://raw.githubusercontent.com/milindkulgod/image/master/236.jpg,"['a', 'dog', 'is', 'in', 'the', 'water']"
237,https://raw.githubusercontent.com/milindkulgod/image/master/237.jpg,"['a', 'dog', 'is', 'standing', 'in', 'the', 'grass', 'field']"
238,https://raw.githubusercontent.com/milindkulgod/image/master/238.jpg,"['a', 'woman', 'holding', 'a', 'bite', 'from', 'a', 'feeder']"
239,https://raw.githubusercontent.com/milindkulgod/image/master/239.jpg,"['a', 'man', 'is', 'walking', 'on', 'the', 'sidewalk', 'alongside', 'the', 'street']"
240,https://raw.githubusercontent.com/milindkulgod/image/master/240.jpg,"['a', 'man', 'standing', 'in', 'a', 'couch']"
241,https://raw.githubusercontent.com/milindkulgod/image/master/241.jpg,"['a', 'woman', 'feeds', 'a', 'girl', 'wearing', 'a', 'picture', 'with', 'a', 'flag']"
242,https://raw.githubusercontent.com/milindkulgod/image/master/242.jpg,"['a', 'man', 'wearing', 'a', 'hat', 'and', 'holding', 'a', 'frisbee']"
243,https://raw.githubusercontent.com/milindkulgod/image/master/243.jpg,"['a', 'man', 'riding', 'a', 'black', 'jacket', 'and', 'a', 'snow', 'board']"
244,https://raw.githubusercontent.com/milindkulgod/image/master/244.jpg,"['a', 'man', 'is', 'standing', 'on', 'a', 'dirt', 'covered', 'ground']"
245,https://raw.githubusercontent.com/milindkulgod/image/master/245.jpg,"['a', 'bicycle', 'is', 'napping', 'on', 'a', 'bike']"
246,https://raw.githubusercontent.com/milindkulgod/image/master/246.jpg,"['a', 'woman', 'is', 'standing', 'in', 'a', 'living', 'room']"
247,https://raw.githubusercontent.com/milindkulgod/image/master/247.jpg,"['a', 'black', 'and', 'white', 'dog', 'is', 'wading', 'in', 'the', 'elephants']"
248,https://raw.githubusercontent.com/milindkulgod/image/master/248.jpg,"['a', 'man', 'sits', 'on', 'a', 'bike']"
249,https://raw.githubusercontent.com/milindkulgod/image/master/249.jpg,"['a', 'group', 'of', 'people', 'sitting', 'at', 'a', 'table']"
250,https://raw.githubusercontent.com/milindkulgod/image/master/250.jpg,"['a', 'group', 'of', 'people', 'sitting', 'around', 'a', 'table', 'eating', 'pizza']"
251,https://raw.githubusercontent.com/milindkulgod/image/master/251.jpg,"['a', 'dog', 'snuggled', 'his', 'dog']"
252,https://raw.githubusercontent.com/milindkulgod/image/master/252.jpg,"['a', 'man', 'riding', 'a', 'helmet', 'on', 'a', 'ramp']"
253,https://raw.githubusercontent.com/milindkulgod/image/master/253.jpg,"['a', 'red', 'fire', 'hydrant', 'that', 'are', 'in', 'the', 'snow']"
254,https://raw.githubusercontent.com/milindkulgod/image/master/254.jpg,"['a', 'man', 'in', 'a', 'fire', 'hydrant']"
255,https://raw.githubusercontent.com/milindkulgod/image/master/255.jpg,"['a', 'young', 'girl', 'holding', 'a', 'wii', 'mote']"
256,https://raw.githubusercontent.com/milindkulgod/image/master/256.jpg,"['a', 'dog', 'laying', 'in', 'the', 'grass']"
257,https://raw.githubusercontent.com/milindkulgod/image/master/257.jpg,"['a', 'dog', 'standing', 'next', 'to', 'a', 'dog']"
258,https://raw.githubusercontent.com/milindkulgod/image/master/258.jpg,"['a', 'female', 'skateboards', 'on', 'a', 'rack']"
259,https://raw.githubusercontent.com/milindkulgod/image/master/259.jpg,"['a', 'young', 'girl', 'showing', 'off', 'into', 'the', 'air']"
260,https://raw.githubusercontent.com/milindkulgod/image/master/260.jpg,"['a', 'lady', 'holding', 'a', 'frisbee']"
261,https://raw.githubusercontent.com/milindkulgod/image/master/261.jpg,"['a', 'group', 'of', 'people', 'standing', 'around', 'her', 'lead']"
262,https://raw.githubusercontent.com/milindkulgod/image/master/262.jpg,"['a', 'little', 'girl', 'holding', 'a', 'video', 'game']"
263,https://raw.githubusercontent.com/milindkulgod/image/master/263.jpg,"['a', 'young', 'man', 'sitting', 'on', 'a', 'beach', 'chair', 'outdoors']"
264,https://raw.githubusercontent.com/milindkulgod/image/master/264.jpg,"['a', 'young', 'man', 'skateboarding', 'down', 'the', 'side', 'walk']"
265,https://raw.githubusercontent.com/milindkulgod/image/master/265.jpg,"['a', 'young', 'child', 'sleeping', 'in', 'a', 'surfboard']"
266,https://raw.githubusercontent.com/milindkulgod/image/master/266.jpg,"['a', 'person', 'that', 'is', 'holding', 'a', 'snow', 'board']"
267,https://raw.githubusercontent.com/milindkulgod/image/master/267.jpg,"['a', 'dog', 'laying', 'on', 'a', 'branch']"
268,https://raw.githubusercontent.com/milindkulgod/image/master/268.jpg,"['a', 'man', 'holds', 'a', 'helmet', 'and', 'hat', 'and', 'holding', 'a', 'pair', 'of', 'scissors']"
269,https://raw.githubusercontent.com/milindkulgod/image/master/269.jpg,"['a', 'dog', 'standing', 'next', 'to', 'each', 'other']"
270,https://raw.githubusercontent.com/milindkulgod/image/master/270.jpg,"['a', 'lamb', 'is', 'holding', 'a', 'baby', 'sheep']"
271,https://raw.githubusercontent.com/milindkulgod/image/master/271.jpg,"['a', 'small', 'dogs', 'standing', 'in', 'the', 'water']"
272,https://raw.githubusercontent.com/milindkulgod/image/master/272.jpg,"['a', 'man', 'selling', 'a', 'store', 'displaying', 'shelves']"
273,https://raw.githubusercontent.com/milindkulgod/image/master/273.jpg,"['a', 'dog', 'is', 'standing', 'on', 'a', 'boat']"
274,https://raw.githubusercontent.com/milindkulgod/image/master/274.jpg,"['a', 'man', 'is', 'adjusting', 'his', 'teeth']"
275,https://raw.githubusercontent.com/milindkulgod/image/master/275.jpg,"['a', 'woman', 'eats', 'at', 'his', 'phone']"
276,https://raw.githubusercontent.com/milindkulgod/image/master/276.jpg,"['a', 'black', 'haired', 'dog', 'standing', 'on', 'top']"
277,https://raw.githubusercontent.com/milindkulgod/image/master/277.jpg,"['a', 'small', 'white', 'dog', 'is', 'swimming', 'in', 'the', 'water']"
278,https://raw.githubusercontent.com/milindkulgod/image/master/278.jpg,"['a', 'fire', 'hydrant', 'sitting', 'on', 'the', 'front', 'of', 'a', 'rock']"
279,https://raw.githubusercontent.com/milindkulgod/image/master/279.jpg,"['a', 'young', 'girl', 'standing', 'near', 'a', 'frisbee']"
280,https://raw.githubusercontent.com/milindkulgod/image/master/280.jpg,"['a', 'man', 'in', 'a', 'siamese']"
281,https://raw.githubusercontent.com/milindkulgod/image/master/281.jpg,"['a', 'dog', 'is', 'holding', 'a', 'dog', 'stands', 'on', 'the', 'order', 'to', 'be', 'seen']"
282,https://raw.githubusercontent.com/milindkulgod/image/master/282.jpg,"['a', 'dog', 'is', 'running', 'across', 'a', 'beach']"
283,https://raw.githubusercontent.com/milindkulgod/image/master/283.jpg,"['a', 'pretty', 'young', 'adults', 'and', 'children', 'playing', 'a', 'frisbee']"
284,https://raw.githubusercontent.com/milindkulgod/image/master/284.jpg,"['a', 'brown', 'and', 'white', 'polar', 'bear', 'is', 'wading', 'in', 'the', 'water']"
285,https://raw.githubusercontent.com/milindkulgod/image/master/285.jpg,"['a', 'sad', 'looking', 'at', 'the', 'dog']"
286,https://raw.githubusercontent.com/milindkulgod/image/master/286.jpg,"['a', 'dog', 'is', 'sniffing', 'a', 'feeder']"
287,https://raw.githubusercontent.com/milindkulgod/image/master/287.jpg,"['a', 'man', 'holding', 'a', 'phone']"
288,https://raw.githubusercontent.com/milindkulgod/image/master/288.jpg,"['a', 'man', 'stands', 'at', 'a', 'food', 'cart']"
289,https://raw.githubusercontent.com/milindkulgod/image/master/289.jpg,"['a', 'dog', 'is', 'standing', 'next', 'to', 'a', 'bin']"
290,https://raw.githubusercontent.com/milindkulgod/image/master/290.jpg,"['a', 'man', 'standing', 'next', 'to', 'a', 'large', 'open', 'road']"
291,https://raw.githubusercontent.com/milindkulgod/image/master/291.jpg,"['a', 'person', 'riding', 'on', 'a', 'bed']"
292,https://raw.githubusercontent.com/milindkulgod/image/master/292.jpg,"['a', 'man', 'on', 'a', 'trick', 'on', 'a', 'snowy', 'surface']"
293,https://raw.githubusercontent.com/milindkulgod/image/master/293.jpg,"['a', 'man', 'walks', 'beside', 'a', 'street']"
294,https://raw.githubusercontent.com/milindkulgod/image/master/294.jpg,"['a', 'woman', 'holding', 'a', 'phone']"
295,https://raw.githubusercontent.com/milindkulgod/image/master/295.jpg,"['a', 'horse', 'is', 'resting', 'between', 'two', 'bears']"
296,https://raw.githubusercontent.com/milindkulgod/image/master/296.jpg,"['a', 'group', 'of', 'people', 'are', 'standing', 'next', 'to', 'a', 'backpack']"
297,https://raw.githubusercontent.com/milindkulgod/image/master/297.jpg,"['a', 'man', 'and', 'wooden', 'benches', 'with', 'a', 'large', 'case']"
298,https://raw.githubusercontent.com/milindkulgod/image/master/298.jpg,"['a', 'woman', 'with', 'a', 'phone', 'and', 'looking', 'at', 'her', 'phone']"
299,https://raw.githubusercontent.com/milindkulgod/image/master/299.jpg,"['a', 'white', 'cow', 'is', 'standing', 'in', 'the', 'yard']"
300,https://raw.githubusercontent.com/milindkulgod/image/master/300.jpg,"['a', 'couple', 'of', 'people', 'playing', 'a', 'game', 'in', 'a', 'room']"
301,https://raw.githubusercontent.com/milindkulgod/image/master/301.jpg,"['a', 'little', 'girl', 'laying', 'down', 'at', 'the', 'cushion', 'of', 'water']"
302,https://raw.githubusercontent.com/milindkulgod/image/master/302.jpg,https://raw.githubusercontent.com/milindkulgod/image/master/302.jpg
303,https://raw.githubusercontent.com/milindkulgod/image/master/303.jpg,"['a', 'pile', 'of', 'bunches', 'of', 'bunches', 'of', 'bunches', 'of', 'bunches', 'of', 'carrots']"
304,https://raw.githubusercontent.com/milindkulgod/image/master/304.jpg,"['a', 'group', 'of', 'people', 'sitting', 'around', 'a', 'table']"
305,https://raw.githubusercontent.com/milindkulgod/image/master/305.jpg,"['a', 'child', 'sitting', 'in', 'a', 'green', 'shirt', 'and', 'a', 'tooth', 'brush', 'shirt', 'is', 'sitting', 'in', 'a', 'green', 'shirt']"
306,https://raw.githubusercontent.com/milindkulgod/image/master/306.jpg,"['a', 'clown', 'nose', 'on', 'a', 'bench', 'in', 'a', 'park']"
307,https://raw.githubusercontent.com/milindkulgod/image/master/307.jpg,"['a', 'dog', 'sits', 'on', 'a', 'bench', 'with', 'a', 'dog']"
308,https://raw.githubusercontent.com/milindkulgod/image/master/308.jpg,"['a', 'dog', 'shaped', 'like', 'a', 'red', 'tie'', 'to', 'the', 'camera']"
309,https://raw.githubusercontent.com/milindkulgod/image/master/309.jpg,"['a', 'dog', 'catching', 'dog', 'sweater', 'trying', 'to', 'get', 'on', 'the', 'field']"
310,https://raw.githubusercontent.com/milindkulgod/image/master/310.jpg,"['a', 'young', 'man', 'in', 'a', 'stick', 'on', 'a', 'kite']"
311,https://raw.githubusercontent.com/milindkulgod/image/master/311.jpg,"['a', 'little', 'girl', 'in', 'a', 'kitten', 'in', 'her', 'hand', 'wrapped', 'in', 'a', 'pile', 'of', 'stuffed', 'rabbit']"
312,https://raw.githubusercontent.com/milindkulgod/image/master/312.jpg,"['a', 'group', 'of', 'people', 'waiting', 'to', 'make', 'their', 'home']"
313,https://raw.githubusercontent.com/milindkulgod/image/master/313.jpg,"['a', 'man', 'in', 'a', 'bit', 'of', 'a', 'snowboard']"
314,https://raw.githubusercontent.com/milindkulgod/image/master/314.jpg,"['a', 'person', 'carrying', 'a', 'surf', 'board', 'in', 'the', 'day']"
315,https://raw.githubusercontent.com/milindkulgod/image/master/315.jpg,"['a', 'large', 'cow', 'resting', 'on', 'a', 'mountain', 'in', 'the', 'hills']"
316,https://raw.githubusercontent.com/milindkulgod/image/master/316.jpg,"['a', 'dog', 'laying', 'on', 'the', 'grass']"
317,https://raw.githubusercontent.com/milindkulgod/image/master/317.jpg,"['a', 'man', 'standing', 'under', 'a', 'picture']"
318,https://raw.githubusercontent.com/milindkulgod/image/master/318.jpg,"['a', 'surfer', 'riding', 'a', 'surf', 'board', 'on', 'a', 'sandy', 'ocean']"
319,https://raw.githubusercontent.com/milindkulgod/image/master/319.jpg,"['two', 'young', 'men', 'playing', 'ultimate', 'frisbee']"
320,https://raw.githubusercontent.com/milindkulgod/image/master/320.jpg,"['a', 'large', 'gray', 'speed', 'train', 'on', 'a', 'yellow', 'and', 'a', 'skiing', 'along', 'the', 'water']"
321,https://raw.githubusercontent.com/milindkulgod/image/master/321.jpg,"['a', 'young', 'boy', 'with', 'a', 'nap', 'with', 'a', 'snowboard']"
322,https://raw.githubusercontent.com/milindkulgod/image/master/322.jpg,"['a', 'woman', 'sitting', 'in', 'a', 'dog', 'on', 'a', 'boat']"
323,https://raw.githubusercontent.com/milindkulgod/image/master/323.jpg,"['a', 'dog', 'laying', 'on', 'a', 'dog']"
324,https://raw.githubusercontent.com/milindkulgod/image/master/324.jpg,"['a', 'man', 'in', 'a', 'man', 'on', 'a', 'public', 'phone', 'stands', 'outside', 'a', 'dreary', 'day']"
325,https://raw.githubusercontent.com/milindkulgod/image/master/325.jpg,"['a', 'man', 'standing', 'next', 'to', 'a', 'window', 'of', 'a', 'window', 'of', 'a', 'brick', 'building']"
326,https://raw.githubusercontent.com/milindkulgod/image/master/326.jpg,"['a', 'dog', 'laying', 'down', 'on', 'the', 'snow', 'covered', 'slope']"
327,https://raw.githubusercontent.com/milindkulgod/image/master/327.jpg,"['a', 'young', 'boy', 'wearing', 'a', 'hat', 'is', 'standing', 'in', 'a', 'public']"
328,https://raw.githubusercontent.com/milindkulgod/image/master/328.jpg,"['a', 'little', 'girl', 'falling', 'off', 'a', 'small', 'child', 'on', 'a', 'small', 'hill']"
329,https://raw.githubusercontent.com/milindkulgod/image/master/329.jpg,"['a', 'snow', 'boarders', 'riding', 'a', 'mountain', 'range', 'covered', 'mountain', 'with', 'clear', 'trees', 'in', 'the', 'distance']"
330,https://raw.githubusercontent.com/milindkulgod/image/master/330.jpg,"['a', 'dog', 'laying', 'down', 'at', 'a', 'frisbee']"
331,https://raw.githubusercontent.com/milindkulgod/image/master/331.jpg,"['a', 'frisbee', 'in', 'a', 'park']"
332,https://raw.githubusercontent.com/milindkulgod/image/master/332.jpg,"['a', 'dog', 'running', 'in', 'the', 'camera']"
333,https://raw.githubusercontent.com/milindkulgod/image/master/333.jpg,"['a', 'dog', 'laying', 'down', 'on', 'a', 'lush', 'green', 'field']"
334,https://raw.githubusercontent.com/milindkulgod/image/master/334.jpg,"['a', 'group', 'of', 'people', 'standing', 'around', 'a', 'us']"
335,https://raw.githubusercontent.com/milindkulgod/image/master/335.jpg,"['a', 'dog', 'catching', 'a', 'frisbee', 'in', 'the', 'yard']"
336,https://raw.githubusercontent.com/milindkulgod/image/master/336.jpg,"['a', 'hipster', 'driver', 'is', 'sitting', 'on', 'a', 'vehicle']"
337,https://raw.githubusercontent.com/milindkulgod/image/master/337.jpg,"['a', 'man', 'standing', 'outside', 'cutting', 'the', 'airport']"
338,https://raw.githubusercontent.com/milindkulgod/image/master/338.jpg,"['a', 'man', 'stands', 'on', 'a', 'horse', 'on', 'a', 'mountain']"
339,https://raw.githubusercontent.com/milindkulgod/image/master/339.jpg,"['a', 'man', 'sitting', 'on', 'a', 'bench', 'looking', 'at', 'a', 'sidewalk']"
340,https://raw.githubusercontent.com/milindkulgod/image/master/340.jpg,"['a', 'boy', 'with', 'her', 'hands', 'a', 'crowd', 'looks', 'at', 'a', 'crowd']"
341,https://raw.githubusercontent.com/milindkulgod/image/master/341.jpg,"['a', 'woman', 'with', 'her', 'teeth', 'with', 'a', 'tie']"
342,https://raw.githubusercontent.com/milindkulgod/image/master/342.jpg,"['a', 'group', 'of', 'people', 'standing', 'in', 'the', 'grass']"
343,https://raw.githubusercontent.com/milindkulgod/image/master/343.jpg,"['a', 'crowd', 'of', 'people', 'standing', 'around', 'a', 'lot', 'of'']"
344,https://raw.githubusercontent.com/milindkulgod/image/master/344.jpg,"['a', 'mother', 'animal', 'with', 'its', 'head', 'in', 'the', 'snow']"
345,https://raw.githubusercontent.com/milindkulgod/image/master/345.jpg,"['a', 'golden', 'retriever', 'sitting', 'on', 'a', 'sidewalk']"
346,https://raw.githubusercontent.com/milindkulgod/image/master/346.jpg,"['a', 'group', 'of', 'people', 'gathered', 'on', 'skis']"
347,https://raw.githubusercontent.com/milindkulgod/image/master/347.jpg,"['a', 'young', 'man', 'in', 'a', 'helmet', 'on', 'display']"
348,https://raw.githubusercontent.com/milindkulgod/image/master/348.jpg,"['a', 'group', 'of', 'basketball', 'players', 'play', 'basketball', 'in', 'a', 'room']"
349,https://raw.githubusercontent.com/milindkulgod/image/master/349.jpg,"['a', 'couple', 'of', 'people', 'stand', 'in', 'a', 'mountain']"
350,https://raw.githubusercontent.com/milindkulgod/image/master/350.jpg,"['a', 'person', 'on', 'the', 'snow', 'board']"
351,https://raw.githubusercontent.com/milindkulgod/image/master/351.jpg,"['a', 'man', 'on', 'a', 'luggage', 'on', 'a', 'city']"
352,https://raw.githubusercontent.com/milindkulgod/image/master/352.jpg,"['a', 'woman', 'talking', 'on', 'her', 'cell', 'phone']"
353,https://raw.githubusercontent.com/milindkulgod/image/master/353.jpg,"['a', 'man', 'riding', 'a', 'skateboard', 'is', 'going', 'back', 'of', 'a', 'park']"
354,https://raw.githubusercontent.com/milindkulgod/image/master/354.jpg,"['a', 'little', 'boy', 'crying', 'on', 'a', 'bed']"
355,https://raw.githubusercontent.com/milindkulgod/image/master/355.jpg,"['a', 'dog', 'lying', 'on', 'the', 'grass']"
356,https://raw.githubusercontent.com/milindkulgod/image/master/356.jpg,"['a', 'dog', 'laying', 'on', 'a', 'red', 'and', 'white', 'dog']"
357,https://raw.githubusercontent.com/milindkulgod/image/master/357.jpg,"['a', 'man', 'in', 'a', 'polka', 'hold', 'a', 'tooth', 'paste']"
358,https://raw.githubusercontent.com/milindkulgod/image/master/358.jpg,"['a', 'soldier', 'is', 'standing', 'next', 'to', 'a', 'large', 'umbrella']"
359,https://raw.githubusercontent.com/milindkulgod/image/master/359.jpg,"['a', 'man', 'standing', 'on', 'a', 'skateboard']"
360,https://raw.githubusercontent.com/milindkulgod/image/master/360.jpg,"['a', 'man', 'is', 'seen', 'laying', 'on', 'top', 'of', 'a', 'mountain']"
361,https://raw.githubusercontent.com/milindkulgod/image/master/361.jpg,"['a', 'man', 'walking', 'on', 'a', 'sidewalk']"
362,https://raw.githubusercontent.com/milindkulgod/image/master/362.jpg,"['a', 'game', 'in', 'a', 'ball']"
363,https://raw.githubusercontent.com/milindkulgod/image/master/363.jpg,"['a', 'woman', 'skateboarding', 'outside', 'a', 'picture', 'taken', 'down', 'a', 'sidewalk']"
364,https://raw.githubusercontent.com/milindkulgod/image/master/364.jpg,"['a', 'crowd', 'of', 'people', 'help', 'each', 'other', 'people']"
365,https://raw.githubusercontent.com/milindkulgod/image/master/365.jpg,"['a', 'man', 'riding', 'on', 'a', 'skateboard', 'on', 'a', 'skateboard']"
366,https://raw.githubusercontent.com/milindkulgod/image/master/366.jpg,"['a', 'boy', 'swinging', 'a', 'baseball', 'while', 'standing', 'on', 'a', 'field']"
367,https://raw.githubusercontent.com/milindkulgod/image/master/367.jpg,"['a', 'little', 'girl', 'laying', 'down', 'next', 'to', 'her', 'hand']"
368,https://raw.githubusercontent.com/milindkulgod/image/master/368.jpg,"['a', 'dog', 'is', 'standing', 'in', 'the', 'snow']"
369,https://raw.githubusercontent.com/milindkulgod/image/master/369.jpg,"['a', 'woman', 'in', 'a', 'woman', 'in', 'a', 'banana']"
370,https://raw.githubusercontent.com/milindkulgod/image/master/370.jpg,"['a', 'person', 'walking', 'down', 'the', 'sidewalk']"
371,https://raw.githubusercontent.com/milindkulgod/image/master/371.jpg,"['outside', 'of', 'bush', 'in', 'a', 'red', 'tree']"
372,https://raw.githubusercontent.com/milindkulgod/image/master/372.jpg,"['a', 'man', 'wearing', 'a', 'really', 'snow']"
373,https://raw.githubusercontent.com/milindkulgod/image/master/373.jpg,"['a', 'man', 'riding', 'a', 'rock', 'on', 'top', 'of', 'a', 'body', 'of', 'water']"
374,https://raw.githubusercontent.com/milindkulgod/image/master/374.jpg,"['a', 'man', 'is', 'on', 'a', 'water', 'with', 'a', 'water']"
375,https://raw.githubusercontent.com/milindkulgod/image/master/375.jpg,"['a', 'person', 'standing', 'on', 'a', 'pole']"
376,https://raw.githubusercontent.com/milindkulgod/image/master/376.jpg,"['a', 'person', 'on', 'a', 'surf', 'board']"
377,https://raw.githubusercontent.com/milindkulgod/image/master/377.jpg,"['a', 'man', 'on', 'a', 'carrot', 'to', 'get', 'in', 'the', 'snow', 'covered', 'field']"
378,https://raw.githubusercontent.com/milindkulgod/image/master/378.jpg,"['a', 'dog', 'sits', 'in', 'front', 'of', 'a', 'cloudy', 'day']"
379,https://raw.githubusercontent.com/milindkulgod/image/master/379.jpg,"['two', 'men', 'playing', 'a', 'frisbee', 'away', 'from', 'the', 'frisbee']"
380,https://raw.githubusercontent.com/milindkulgod/image/master/380.jpg,"['a', 'man', 'riding', 'on', 'a', 'bicycle', 'rack']"
381,https://raw.githubusercontent.com/milindkulgod/image/master/381.jpg,"['a', 'dog', 'running', 'underneath', 'a', 'piece', 'of', 'dog']"
382,https://raw.githubusercontent.com/milindkulgod/image/master/382.jpg,"['a', 'horse', 'is', 'paddling', 'in', 'a', 'watering', 'hole']"
383,https://raw.githubusercontent.com/milindkulgod/image/master/383.jpg,"['a', 'man', 'in', 'a', 'outdoors']"
384,https://raw.githubusercontent.com/milindkulgod/image/master/384.jpg,"['a', 'group', 'of', 'kids', 'playing', 'a', 'game', 'of', 'a', 'frisbee']"
385,https://raw.githubusercontent.com/milindkulgod/image/master/385.jpg,"['a', 'little', 'girl', 'wearing', 'a', 'dog', 'on', 'her', 'head']"
386,https://raw.githubusercontent.com/milindkulgod/image/master/386.jpg,"['a', 'dog', 'lays', 'casually', 'on', 'a', 'green', 'grass', 'field']"
387,https://raw.githubusercontent.com/milindkulgod/image/master/387.jpg,"['a', 'man', 'falling', 'off', 'of', 'a', 'wave', 'in', 'the', 'ocean']"
388,https://raw.githubusercontent.com/milindkulgod/image/master/388.jpg,"['a', 'dog', 'is', 'sleeping', 'in', 'the', 'distance']"
389,https://raw.githubusercontent.com/milindkulgod/image/master/389.jpg,"['a', 'dog', 'laying', 'on', 'a', 'red', 'hat']"
390,https://raw.githubusercontent.com/milindkulgod/image/master/390.jpg,"['a', 'dog', 'mid', 'air', 'on', 'a', 'pile', 'of', 'a', 'ball']"
391,https://raw.githubusercontent.com/milindkulgod/image/master/391.jpg,"['a', 'bicycle', 'with', 'a', 'bicycle', 'with', 'a', 'sign']"
392,https://raw.githubusercontent.com/milindkulgod/image/master/392.jpg,"['a', 'man', 'in', 'a', 'backpack', 'crossing', 'a', 'sidewalk']"
393,https://raw.githubusercontent.com/milindkulgod/image/master/393.jpg,"['a', 'young', 'boy', 'with', 'a', 'red', 'hat', 'with', 'a', 'red', 'hat']"
394,https://raw.githubusercontent.com/milindkulgod/image/master/394.jpg,"['a', 'cake', 'with', 'its', 'head', 'on', 'a', 'sunny', 'day']"
395,https://raw.githubusercontent.com/milindkulgod/image/master/395.jpg,"['a', 'dog', 'lying', 'down', 'on', 'a', 'fence']"
396,https://raw.githubusercontent.com/milindkulgod/image/master/396.jpg,"['a', 'woman', 'in', 'a', 'picture', 'while', 'a', 'picture']"
397,https://raw.githubusercontent.com/milindkulgod/image/master/397.jpg,"['a', 'little', 'boy', 'with', 'leashes', 'are', 'standing', 'on', 'a', 'snow', 'covered', 'field']"
398,https://raw.githubusercontent.com/milindkulgod/image/master/398.jpg,"['a', 'crowd', 'of', 'people', 'standing', 'around', 'a', 'rainy', 'day']"
399,https://raw.githubusercontent.com/milindkulgod/image/master/399.jpg,"['a', 'woman', 'in', 'a', 'suitcase', 'wears', 'a', 'restaurant']"
400,https://raw.githubusercontent.com/milindkulgod/image/master/400.jpg,"['a', 'man', 'on', 'a', 'microphone']"
401,https://raw.githubusercontent.com/milindkulgod/image/master/401.jpg,"['a', 'dog', 'is', 'laying', 'on', 'a', 'field']"
402,https://raw.githubusercontent.com/milindkulgod/image/master/402.jpg,"['a', 'man', 'riding', 'on', 'a', 'motorcycle']"
403,https://raw.githubusercontent.com/milindkulgod/image/master/403.jpg,"['a', 'dog', 'turns', 'as', 'they', 'slide', 'down', 'the', 'snow']"
404,https://raw.githubusercontent.com/milindkulgod/image/master/404.jpg,"['a', 'man', 'proudly', 'displaying', 'a', 'cart', 'behind', 'it']"
405,https://raw.githubusercontent.com/milindkulgod/image/master/405.jpg,"['a', 'child', 'is', 'giving', 'a', 'baby', 'elephant', 'and', 'apples']"
406,https://raw.githubusercontent.com/milindkulgod/image/master/406.jpg,"['a', 'dog', 'riding', 'on', 'its', 'feet']"
407,https://raw.githubusercontent.com/milindkulgod/image/master/407.jpg,"['a', 'young', 'boy', 'is', 'sitting', 'on', 'a', 'banana']"
408,https://raw.githubusercontent.com/milindkulgod/image/master/408.jpg,"['a', 'blurry', 'image', 'of', 'a', 'red', 'hat', 'is', 'by', 'a', 'bridge']"
409,https://raw.githubusercontent.com/milindkulgod/image/master/409.jpg,"['a', 'bird', 'on', 'a', 'surf', 'board', 'in', 'the', 'ocean']"
410,https://raw.githubusercontent.com/milindkulgod/image/master/410.jpg,"['a', 'man', 'in', 'a', 'hat']"
411,https://raw.githubusercontent.com/milindkulgod/image/master/411.jpg,"['a', 'man', 'in', 'a', 'helmet', 'is', 'walking', 'with', 'a', 'backpack']"
412,https://raw.githubusercontent.com/milindkulgod/image/master/412.jpg,"['a', 'young', 'boy', 'in', 'jerseys', 'playing', 'frisbee', 'on', 'a', 'field']"
413,https://raw.githubusercontent.com/milindkulgod/image/master/413.jpg,"['a', 'woman', 'wearing', 'a', 'green', 'hat', 'is', 'riding', 'a', 'skateboard']"
414,https://raw.githubusercontent.com/milindkulgod/image/master/414.jpg,"['a', 'rabbit', 'on', 'top', 'of', 'a', 'home', 'plate']"
415,https://raw.githubusercontent.com/milindkulgod/image/master/415.jpg,"['a', 'young', 'girl', 'eating', 'a', 'crowd', 'of', 'people']"
416,https://raw.githubusercontent.com/milindkulgod/image/master/416.jpg,"['a', 'couple', 'engaged', 'in', 'a', 'wall']"
417,https://raw.githubusercontent.com/milindkulgod/image/master/417.jpg,"['a', 'large', 'kite', 'flying', 'a', 'kite', 'in', 'the', 'sky']"
418,https://raw.githubusercontent.com/milindkulgod/image/master/418.jpg,"['a', 'man', 'standing', 'in', 'a', 'grassy', 'hill']"
419,https://raw.githubusercontent.com/milindkulgod/image/master/419.jpg,"['a', 'young', 'child', 'looking', 'at', 'a', 'hat', 'behind', 'her', 'ear']"
420,https://raw.githubusercontent.com/milindkulgod/image/master/420.jpg,"['a', 'man', 'in', 'a', 'hat', 'is', 'standing', 'in', 'a', 'room']"
421,https://raw.githubusercontent.com/milindkulgod/image/master/421.jpg,"['a', 'shirtless', 'man', 'in', 'a', 'suitcase', 'wearing', 'a', 'public', 'restroom', 'hand']"
422,https://raw.githubusercontent.com/milindkulgod/image/master/422.jpg,"['a', 'person', 'riding', 'a', 'skateboard', 'on', 'a', 'sidewalk']"
423,https://raw.githubusercontent.com/milindkulgod/image/master/423.jpg,"['a', 'man', 'holding', 'a', 'racket', 'to', 'hit', 'a', 'racket']"
424,https://raw.githubusercontent.com/milindkulgod/image/master/424.jpg,"['a', 'bicycle', 'with', 'a', 'bike', 'with', 'a', 'bicycle', 'on', 'a', 'bicycle', 'on', 'a', 'sidewalk']"
425,https://raw.githubusercontent.com/milindkulgod/image/master/425.jpg,"['a', 'dog', 'sleeps', 'on', 'the', 'piano', 'next', 'to', 'a', 'grassy', 'area']"
426,https://raw.githubusercontent.com/milindkulgod/image/master/426.jpg,"['a', 'man', 'catching', 'a', 'stick', 'in', 'the', 'water']"
427,https://raw.githubusercontent.com/milindkulgod/image/master/427.jpg,"['a', 'group', 'of', 'men', 'riding', 'skis', 'with', 'a', 'dog']"
428,https://raw.githubusercontent.com/milindkulgod/image/master/428.jpg,"['a', 'little', 'girl', 'in', 'a', 'blue', 'surfboard', 'up', 'to', 'a', 'wave']"
429,https://raw.githubusercontent.com/milindkulgod/image/master/429.jpg,"['skiers', 'are', 'standing', 'on', 'a', 'snowy', 'day']"
430,https://raw.githubusercontent.com/milindkulgod/image/master/430.jpg,"['a', 'dog', 'laying', 'down', 'a', 'mountain', 'in', 'the', 'snow']"
431,https://raw.githubusercontent.com/milindkulgod/image/master/431.jpg,"['a', 'man', 'striking', 'out', 'in', 'a', 'room']"
432,https://raw.githubusercontent.com/milindkulgod/image/master/432.jpg,"['a', 'dog', 'running', 'in', 'the', 'field']"
433,https://raw.githubusercontent.com/milindkulgod/image/master/433.jpg,"['a', 'man', 'flying', 'through', 'the', 'air', 'on', 'a', 'clear', 'day']"
434,https://raw.githubusercontent.com/milindkulgod/image/master/434.jpg,"['a', 'dog', 'is', 'almost'', 'his', 'surfboard']"
435,https://raw.githubusercontent.com/milindkulgod/image/master/435.jpg,"['a', 'man', 'riding', 'horses', 'down', 'a', 'street']"
436,https://raw.githubusercontent.com/milindkulgod/image/master/436.jpg,"['a', 'dog', 'turns', 'as', 'they', 'wait', 'with', 'a', 'dog', 'watches']"
437,https://raw.githubusercontent.com/milindkulgod/image/master/437.jpg,"['people', 'are', 'walking', 'in', 'the', 'snow']"
438,https://raw.githubusercontent.com/milindkulgod/image/master/438.jpg,"['a', 'young', 'boy', 'on', 'a', 'game', 'of', 'basketball']"
439,https://raw.githubusercontent.com/milindkulgod/image/master/439.jpg,"['a', 'man', 'riding', 'skis', 'jumping', 'in', 'the', 'snow']"
440,https://raw.githubusercontent.com/milindkulgod/image/master/440.jpg,"['a', 'group', 'of', 'people', 'standing', 'around', 'checking', 'out', 'in', 'the', 'snow']"
441,https://raw.githubusercontent.com/milindkulgod/image/master/441.jpg,"['a', 'man', 'riding', 'a', 'skateboard', 'on', 'a', 'blue', 'sky']"
442,https://raw.githubusercontent.com/milindkulgod/image/master/442.jpg,"['a', 'young', 'boy', 'with', 'a', 'tie', 'is', 'brushing', 'her', 'shirt', 'and', 'looks', 'at', 'the', 'camera']"
443,https://raw.githubusercontent.com/milindkulgod/image/master/443.jpg,"['a', 'dog', 'lying', 'on', 'the', 'camera']"
444,https://raw.githubusercontent.com/milindkulgod/image/master/444.jpg,"['a', 'man', 'with', 'a', 'suitcase', 'on', 'a', 'salvation', 'army', 'clothes']"
445,https://raw.githubusercontent.com/milindkulgod/image/master/445.jpg,"['a', 'fake', 'cow', 'with', 'a', 'banana', 'peel', 'to', 'look', 'like', 'a', 'pen']"
446,https://raw.githubusercontent.com/milindkulgod/image/master/446.jpg,"['a', 'white', 'shot', 'of', 'dogs', 'play', 'with', 'a', 'ball']"
447,https://raw.githubusercontent.com/milindkulgod/image/master/447.jpg,"['a', 'man', 'holding', 'a', 'horse', 'in', 'the', 'water']"
448,https://raw.githubusercontent.com/milindkulgod/image/master/448.jpg,"['a', 'man', 'stands', 'on', 'skis', 'and', 'standing', 'in', 'the', 'snow']"
449,https://raw.githubusercontent.com/milindkulgod/image/master/449.jpg,"['a', 'blonde']"
450,https://raw.githubusercontent.com/milindkulgod/image/master/450.jpg,"['a', 'dog', 'running', 'on', 'a', 'yellow', 'frisbee']"
451,https://raw.githubusercontent.com/milindkulgod/image/master/451.jpg,"['a', 'little', 'girl', 'in', 'a', 'stuffed', 'animal']"
452,https://raw.githubusercontent.com/milindkulgod/image/master/452.jpg,"['a', 'puppy', 'laying', 'on', 'top', 'of', 'a', 'small', 'room']"
453,https://raw.githubusercontent.com/milindkulgod/image/master/453.jpg,"['a', 'woman', 'in', 'dress', 'looks', 'like', 'a', 'clock', 'outside', 'a', 'wall']"
454,https://raw.githubusercontent.com/milindkulgod/image/master/454.jpg,"['a', 'young', 'boy', 'in', 'a', 'toy', 'train']"
455,https://raw.githubusercontent.com/milindkulgod/image/master/455.jpg,"['a', 'little', 'boy', 'holding', 'a', 'frisbee']"
456,https://raw.githubusercontent.com/milindkulgod/image/master/456.jpg,"['a', 'bird', 'is', 'standing', 'on', 'the', 'ground', 'in', 'the', 'restroom']"
457,https://raw.githubusercontent.com/milindkulgod/image/master/457.jpg,"['a', 'dog', 'catching', 'a', 'dog', 'looking', 'around']"
458,https://raw.githubusercontent.com/milindkulgod/image/master/458.jpg,"['a', 'man', 'on', 'a', 'surfboard', 'on', 'a', 'wave']"
459,https://raw.githubusercontent.com/milindkulgod/image/master/459.jpg,"['a', 'surfer', 'walking', 'on', 'a', 'wave']"
460,https://raw.githubusercontent.com/milindkulgod/image/master/460.jpg,"['a', 'person', 'stands', 'in', 'a', 'city', 'street']"
461,https://raw.githubusercontent.com/milindkulgod/image/master/461.jpg,"['a', 'little', 'girl', 'holding', 'up', 'a', 'frisbee']"
462,https://raw.githubusercontent.com/milindkulgod/image/master/462.jpg,"['a', 'group', 'of', 'people', 'walk', 'down', 'a', 'motorcycle']"
463,https://raw.githubusercontent.com/milindkulgod/image/master/463.jpg,"['a', 'man', 'is', 'seen', 'standing', 'in', 'front', 'of', 'a', 'building']"
464,https://raw.githubusercontent.com/milindkulgod/image/master/464.jpg,"['a', 'baby', 'sitting', 'on', 'a', 'cell', 'phone']"
465,https://raw.githubusercontent.com/milindkulgod/image/master/465.jpg,"['a', 'dog', 'laying', 'on', 'a', 'horse']"
466,https://raw.githubusercontent.com/milindkulgod/image/master/466.jpg,"['a', 'pile', 'of', 'apples', 'piled', 'in', 'a', 'baby']"
467,https://raw.githubusercontent.com/milindkulgod/image/master/467.jpg,"['a', 'dog', 'laying', 'on', 'a', 'surfboard', 'in', 'the', 'ocean']"
468,https://raw.githubusercontent.com/milindkulgod/image/master/468.jpg,"['a', 'brown', 'dog', 'trying', 'to', 'fly', 'a', 'santa', 'hat', 'playing', 'on', 'top', 'of', 'a', 'stick']"
469,https://raw.githubusercontent.com/milindkulgod/image/master/469.jpg,"['a', 'boy', 'in', 'jerseys', 'playing', 'frisbee', 'in', 'a', 'park']"
470,https://raw.githubusercontent.com/milindkulgod/image/master/470.jpg,"['a', 'tow', 'dog', 'waves', 'on', 'a', 'rock', 'on', 'a', 'beach']"
471,https://raw.githubusercontent.com/milindkulgod/image/master/471.jpg,"['a', 'hat', 'is', 'walking', 'out', 'of', 'a', 'city', 'street']"
472,https://raw.githubusercontent.com/milindkulgod/image/master/472.jpg,"['a', 'black', 'dog', 'laying', 'down', 'in', 'the', 'distance']"
473,https://raw.githubusercontent.com/milindkulgod/image/master/473.jpg,"['a', 'sexy', 'young', 'girl', 'in', 'a', 'stick', 'on', 'a', 'surfboard', 'on', 'a', 'surfboard']"
474,https://raw.githubusercontent.com/milindkulgod/image/master/474.jpg,"['a', 'young', 'child', 'with', 'a', 'snowboard']"
475,https://raw.githubusercontent.com/milindkulgod/image/master/475.jpg,"['a', 'woman', 'with', 'her', 'hair', 'in', 'a', 'living', 'room']"
476,https://raw.githubusercontent.com/milindkulgod/image/master/476.jpg,"['a', 'dog', 'laying', 'on', 'a', 'snowy', 'field']"
477,https://raw.githubusercontent.com/milindkulgod/image/master/477.jpg,"['a', 'man', 'in', 'ski', 'clothes', 'on', 'a', 'snowy', 'field']"
478,https://raw.githubusercontent.com/milindkulgod/image/master/478.jpg,"['a', 'woman', 'in', 'a', 'woman', 'standing', 'on', 'a', 'skateboard']"
479,https://raw.githubusercontent.com/milindkulgod/image/master/479.jpg,"['a', 'red', 'teddy', 'bear', 'lying', 'on', 'the', 'wall', 'above', 'the', 'middle', 'of', 'water']"
480,https://raw.githubusercontent.com/milindkulgod/image/master/480.jpg,"['a', 'bride', 'and', 'groom', 'eating', 'food']"
481,https://raw.githubusercontent.com/milindkulgod/image/master/481.jpg,"['a', 'living', 'room', 'with', 'a', 'chair', 'in', 'front', 'of', 'the', 'kitchen']"
482,https://raw.githubusercontent.com/milindkulgod/image/master/482.jpg,"['a', 'dog', 'running', 'across', 'the', 'street']"
483,https://raw.githubusercontent.com/milindkulgod/image/master/483.jpg,"['two', 'sinks', 'in', 'a', 'red', 'ball']"
484,https://raw.githubusercontent.com/milindkulgod/image/master/484.jpg,"['a', 'group', 'of', 'people', 'in', 'the', 'camera', 'on', 'a', 'snowy', 'day']"
485,https://raw.githubusercontent.com/milindkulgod/image/master/485.jpg,"['a', 'man', 'riding', 'a', 'skateboard', 'in', 'a', 'field']"
486,https://raw.githubusercontent.com/milindkulgod/image/master/486.jpg,"['a', 'surfer', 'is', 'she', 'catches', 'a', 'surfboard', 'in', 'the', 'ocean']"
487,https://raw.githubusercontent.com/milindkulgod/image/master/487.jpg,"['a', 'girl', 'rests', 'on', 'a', 'stick', 'on', 'her', 'phone']"
488,https://raw.githubusercontent.com/milindkulgod/image/master/488.jpg,"['a', 'man', 'in', 'a', 'swing', 'to', 'catch', 'a', 'frisbee']"
489,https://raw.githubusercontent.com/milindkulgod/image/master/489.jpg,"['a', 'perform', 'tricks', 'on', 'a', 'bench']"
490,https://raw.githubusercontent.com/milindkulgod/image/master/490.jpg,"['a', 'cute', 'dog', 'laying', 'down', 'in', 'the', 'water']"
491,https://raw.githubusercontent.com/milindkulgod/image/master/491.jpg,"['a', 'dog', 'on', 'skis', 'and', 'a', 'picture']"
492,https://raw.githubusercontent.com/milindkulgod/image/master/492.jpg,"['a', 'girl', 'standing', 'in', 'a', 'book', 'bag']"
493,https://raw.githubusercontent.com/milindkulgod/image/master/493.jpg,"['a', 'dog', 'catching', 'a', 'frisbee']"
494,https://raw.githubusercontent.com/milindkulgod/image/master/494.jpg,"['a', 'dog', 'lying', 'down', 'in', 'a', 'car']"
495,https://raw.githubusercontent.com/milindkulgod/image/master/495.jpg,"['a', 'batter', 'getting', 'ready', 'to', 'slide', 'into', 'the', 'snow']"
496,https://raw.githubusercontent.com/milindkulgod/image/master/496.jpg,"['a', 'dog', 'sitting', 'on', 'a', 'dog']"
497,https://raw.githubusercontent.com/milindkulgod/image/master/497.jpg,"['a', 'steam', 'locomotive''', 'smoke', 'a', 'scenic', 'track']"
498,https://raw.githubusercontent.com/milindkulgod/image/master/498.jpg,"['a', 'skateboarder', 'doing', 'a', 'trick', 'on', 'a', 'dirt', 'field']"
499,https://raw.githubusercontent.com/milindkulgod/image/master/499.jpg,"['a', 'woman', 'in', 'a', 'giraffe']"
500,https://raw.githubusercontent.com/milindkulgod/image/master/500.jpg,"['a', 'dog', 'catching', 'a', 'frisbee', 'in', ""it's"", 'mouth']"
501,https://raw.githubusercontent.com/milindkulgod/image/master/501.jpg,"['a', 'person', 'laying', 'on', 'a', 'pool']"
502,https://raw.githubusercontent.com/milindkulgod/image/master/502.jpg,"['a', 'shirtless', 'man', 'in', 'sunglasses', 'laying', 'on', 'a', 'surfboard']"
503,https://raw.githubusercontent.com/milindkulgod/image/master/503.jpg,"['a', 'boy', 'in', 'the', 'frisbee', 'in', 'a', 'field']"
504,https://raw.githubusercontent.com/milindkulgod/image/master/504.jpg,"['a', 'young', 'girl', 'begins', 'to', 'catch', 'a', 'drink', 'bottle']"
505,https://raw.githubusercontent.com/milindkulgod/image/master/505.jpg,"['a', 'man', 'riding', 'a', 'jump', 'over', 'a', 'snowboard']"
506,https://raw.githubusercontent.com/milindkulgod/image/master/506.jpg,"['a', 'young', 'boy', 'riding', 'a', 'motorcycle', 'while', 'riding', 'a', 'motorcycle']"
507,https://raw.githubusercontent.com/milindkulgod/image/master/507.jpg,"['a', 'boat', 'pulls', 'a', 'boat', 'in', 'the', 'water']"
508,https://raw.githubusercontent.com/milindkulgod/image/master/508.jpg,"['a', 'baby', 'boy', 'holds', 'a', 'stuffed', 'animals', 'sitting', 'on', 'a', 'bed']"
509,https://raw.githubusercontent.com/milindkulgod/image/master/509.jpg,"['a', 'man', 'striking', 'five', 'in', 'a', 'room']"
510,https://raw.githubusercontent.com/milindkulgod/image/master/510.jpg,"['a', 'little', 'boy', 'in', 'striped', 'shirt', 'plays', 'with', 'a', 'tooth', 'brush']"
511,https://raw.githubusercontent.com/milindkulgod/image/master/511.jpg,"['a', 'playful', 'dog', 'running', 'through', 'a', 'santa', 'hat', 'running', 'through', 'a', 'field']"
512,https://raw.githubusercontent.com/milindkulgod/image/master/512.jpg,"['a', 'man', 'holding', 'a', 'banana']"
513,https://raw.githubusercontent.com/milindkulgod/image/master/513.jpg,"['a', 'man', 'talking', 'on', 'a', 'bench']"
514,https://raw.githubusercontent.com/milindkulgod/image/master/514.jpg,"['a', 'group', 'of', 'people', 'pose', 'on', 'the', 'ball']"
515,https://raw.githubusercontent.com/milindkulgod/image/master/515.jpg,"['a', 'dog', 'is', 'attempting', 'to', 'pet', 'the', 'grass']"
516,https://raw.githubusercontent.com/milindkulgod/image/master/516.jpg,"['a', 'shirtless', 'man', 'throwing', 'a', 'carrot', 'peel', 'to', 'her', 'face']"
517,https://raw.githubusercontent.com/milindkulgod/image/master/517.jpg,"['a', 'white', 'sheep', 'with', 'a', 'cat', 'on', 'a', 'wooden', 'floor']"
518,https://raw.githubusercontent.com/milindkulgod/image/master/518.jpg,"['a', 'quiet', 'beach', 'with', 'a', 'dog', 'on', 'the', 'ocean']"
519,https://raw.githubusercontent.com/milindkulgod/image/master/519.jpg,"['a', 'dog', 'in', 'the'']"
520,https://raw.githubusercontent.com/milindkulgod/image/master/520.jpg,"['a', 'young', 'man', 'in', 'a', 'hat', 'is', 'seen', 'riding', 'a', 'bench']"
521,https://raw.githubusercontent.com/milindkulgod/image/master/521.jpg,"['a', 'dog', 'laying', 'on', 'a', 'lush', 'green', 'field']"
522,https://raw.githubusercontent.com/milindkulgod/image/master/522.jpg,"['a', 'dog', 'standing', 'on', 'the', 'window']"
523,https://raw.githubusercontent.com/milindkulgod/image/master/523.jpg,"['a', 'man', 'in', 'a', 'suit', 'and', 'suit']"
524,https://raw.githubusercontent.com/milindkulgod/image/master/524.jpg,"['a', 'red', 'and', 'some', 'umbrellas', 'against', 'a', 'tree']"
525,https://raw.githubusercontent.com/milindkulgod/image/master/525.jpg,"['a', 'dog', 'laying', 'down', 'on', 'a', 'field']"
526,https://raw.githubusercontent.com/milindkulgod/image/master/526.jpg,"['a', 'young', 'boy', 'in', 'a', 'long', 'hair']"
527,https://raw.githubusercontent.com/milindkulgod/image/master/527.jpg,"['a', 'horse', 'is', 'walking', 'across', 'the', 'water']"
528,https://raw.githubusercontent.com/milindkulgod/image/master/528.jpg,"['a', 'dog', 'laying', 'down', 'in', 'a', 'green', 'field']"
529,https://raw.githubusercontent.com/milindkulgod/image/master/529.jpg,"['a', 'guy', 'sitting', 'in', 'a', 'boat']"
530,https://raw.githubusercontent.com/milindkulgod/image/master/530.jpg,"['a', 'boat', 'is', 'in', 'the', 'water']"
531,https://raw.githubusercontent.com/milindkulgod/image/master/531.jpg,"['a', 'woman', 'in', 'a', 'frisbee']"
532,https://raw.githubusercontent.com/milindkulgod/image/master/532.jpg,"['a', 'girl', 'laying', 'down', 'in', 'a', 'snow', 'covered', 'ground']"
533,https://raw.githubusercontent.com/milindkulgod/image/master/533.jpg,"['a', 'dog', 'sitting', 'in', 'a', 'pink', 'jacket', 'eating', 'a', 'piece', 'of', 'food']"
534,https://raw.githubusercontent.com/milindkulgod/image/master/534.jpg,"['a', 'dog', 'feeds', 'through', 'the', 'ball']"
535,https://raw.githubusercontent.com/milindkulgod/image/master/535.jpg,"['a', 'little', 'girl', 'laying', 'down', 'on', 'a', 'mountain']"
536,https://raw.githubusercontent.com/milindkulgod/image/master/536.jpg,"['a', 'black', 'and', 'black', 'cat', 'stand', 'in', 'a', 'green', 'field']"
537,https://raw.githubusercontent.com/milindkulgod/image/master/537.jpg,"['a', 'dog', 'sitting', 'in', 'the', 'camera']"
538,https://raw.githubusercontent.com/milindkulgod/image/master/538.jpg,"['a', 'blonde', 'girl', 'in', 'a', 'toy', 'in', 'a', 'room']"
539,https://raw.githubusercontent.com/milindkulgod/image/master/539.jpg,"['a', 'dog', 'lying', 'on', 'a', 'park']"
540,https://raw.githubusercontent.com/milindkulgod/image/master/540.jpg,"['a', 'person', 'in', 'the', 'skis', 'in', 'the', 'snow']"
541,https://raw.githubusercontent.com/milindkulgod/image/master/541.jpg,"['a', 'television', 'displaying', 'his'', 'section', 'of', 'a', 'tv']"
542,https://raw.githubusercontent.com/milindkulgod/image/master/542.jpg,"['a', 'woman', 'in', 'a', 'microphone']"
543,https://raw.githubusercontent.com/milindkulgod/image/master/543.jpg,"['a', 'dog', 'turns', 'in', 'the', 'grass', 'field']"
544,https://raw.githubusercontent.com/milindkulgod/image/master/544.jpg,"['a', 'man', 'laying', 'down', 'in', 'the', 'day']"
545,https://raw.githubusercontent.com/milindkulgod/image/master/545.jpg,"['a', 'dog', 'carries', ""it's"", 'tusks']"
546,https://raw.githubusercontent.com/milindkulgod/image/master/546.jpg,"['a', 'woman', 'sitting', 'on', 'a', 'mountain', 'in', 'the', 'snow']"
547,https://raw.githubusercontent.com/milindkulgod/image/master/547.jpg,"['a', 'brown', 'dog', 'laying', 'down', 'on', 'the', 'grass']"
548,https://raw.githubusercontent.com/milindkulgod/image/master/548.jpg,"['a', 'dog', 'laying', 'down', 'next', 'to', 'a', 'stick']"
549,https://raw.githubusercontent.com/milindkulgod/image/master/549.jpg,"['a', 'little', 'girl', 'with', 'a', 'stuffed', 'bear', 'in', 'a', 'bed']"
550,https://raw.githubusercontent.com/milindkulgod/image/master/550.jpg,"['a', 'dog', 'catching', 'a', 'dog', 'likes', 'to', ""it's"", 'head']"
551,https://raw.githubusercontent.com/milindkulgod/image/master/551.jpg,"['a', 'dog', 'statue', 'of', 'dogs']"
552,https://raw.githubusercontent.com/milindkulgod/image/master/552.jpg,"['a', 'man', 'skateboarding', 'in', 'a', 'tree']"
553,https://raw.githubusercontent.com/milindkulgod/image/master/553.jpg,"['a', 'man', 'in', 'a', 'ceramic', 'cat', 'looking', 'at', 'a'']"
554,https://raw.githubusercontent.com/milindkulgod/image/master/554.jpg,"['a', 'hotdog', 'laying', 'on', 'a', 'body', 'of', 'water']"
555,https://raw.githubusercontent.com/milindkulgod/image/master/555.jpg,"['a', 'woman', 'stands', 'in', 'front', 'of', 'a', 'building']"
556,https://raw.githubusercontent.com/milindkulgod/image/master/556.jpg,"['a', 'bicycle', 'wheel', 'is', 'snowboarding', 'in', 'front', 'of', 'a', 'wooded', 'area']"
557,https://raw.githubusercontent.com/milindkulgod/image/master/557.jpg,"['a', 'dog', 'jumping', 'in', 'a', 'grassy', 'field']"
558,https://raw.githubusercontent.com/milindkulgod/image/master/558.jpg,"['a', 'puppy', 'laying', 'down', 'in', 'a', 'grassy', 'field']"
559,https://raw.githubusercontent.com/milindkulgod/image/master/559.jpg,"['a', 'little', 'league', 'little', 'girl', 'holds', 'a', 'ball']"
560,https://raw.githubusercontent.com/milindkulgod/image/master/560.jpg,"['a', 'dog', 'laying', 'on', 'the', 'beach']"
561,https://raw.githubusercontent.com/milindkulgod/image/master/561.jpg,"['a', 'group', 'of', 'people', 'are', 'walking', 'down', 'a', 'sidewalk']"
562,https://raw.githubusercontent.com/milindkulgod/image/master/562.jpg,"['a', 'dog', 'turns', 'as', 'they', 'look', 'into', 'the', 'grass']"
563,https://raw.githubusercontent.com/milindkulgod/image/master/563.jpg,"['a', 'man', 'in', 'a', 'woman', 'are', 'standing', 'in', 'a', 'car']"
564,https://raw.githubusercontent.com/milindkulgod/image/master/564.jpg,"['a', 'dog', 'in', 'a', 'canopy', 'in', 'the', 'middle', 'of', 'a', 'boat']"
565,https://raw.githubusercontent.com/milindkulgod/image/master/565.jpg,"['a', 'woman', 'with', 'a', 'costume', 'on', 'a', 'crowded', 'ski']"
566,https://raw.githubusercontent.com/milindkulgod/image/master/566.jpg,"['a', 'row', 'of', 'people', 'are', 'sitting', 'on', 'a', 'bar', 'made', 'of', 'a', 'bridge', 'over', 'a', 'bridge']"
567,https://raw.githubusercontent.com/milindkulgod/image/master/567.jpg,"['a', 'person', 'holding', 'a', 'sweater', 'brushing', 'her', 'teeth', 'with', 'a', 'stuffed', 'rabbit']"
568,https://raw.githubusercontent.com/milindkulgod/image/master/568.jpg,"['a', 'man', 'sitting', 'next', 'to', 'a', 'piece', 'of', 'a', 'small', 'bed']"
569,https://raw.githubusercontent.com/milindkulgod/image/master/569.jpg,"['a', 'dog', 'laying', 'down', 'on', 'a', 'bed']"
570,https://raw.githubusercontent.com/milindkulgod/image/master/570.jpg,"['a', 'toddler', 'in', 'bed', 'with', 'its', 'head', 'on', 'it']"
571,https://raw.githubusercontent.com/milindkulgod/image/master/571.jpg,"['a', 'baby', 'chewing', 'on', 'teeth']"
572,https://raw.githubusercontent.com/milindkulgod/image/master/572.jpg,"['a', 'pair', 'of', 'a', 'group', 'of', 'people', 'are', 'standing', 'on', 'a', 'baseball', 'restroom']"
573,https://raw.githubusercontent.com/milindkulgod/image/master/573.jpg,"['a', 'dog', 'turns', 'as', 'a', 'dog', 'sweater', 'watching', 'television', 'on', 'a', 'yellow', 'frisbee']"
574,https://raw.githubusercontent.com/milindkulgod/image/master/574.jpg,"['a', 'very', 'long', 'surfboard', 'is', 'seen', 'in', 'a', 'park']"
575,https://raw.githubusercontent.com/milindkulgod/image/master/575.jpg,"['a', 'dog', 'laying', 'down', 'in', 'a', 'field']"
576,https://raw.githubusercontent.com/milindkulgod/image/master/576.jpg,"['a', 'dog', 'catching', 'its', 'head', 'into', 'the', 'hay']"
577,https://raw.githubusercontent.com/milindkulgod/image/master/577.jpg,"['a', 'dog', 'hanging', 'out', 'of', 'water']"
578,https://raw.githubusercontent.com/milindkulgod/image/master/578.jpg,"['a', 'dog', 'is', 'sitting', 'on', 'top', 'of', 'a', 'kitchen']"
579,https://raw.githubusercontent.com/milindkulgod/image/master/579.jpg,"['a', 'little', 'girl', 'who', 'is', 'sitting', 'in', 'a', 'red', 'shirt']"
580,https://raw.githubusercontent.com/milindkulgod/image/master/580.jpg,"['a', 'man', 'holding', 'a', 'suit', 'and', 'glasses']"
581,https://raw.githubusercontent.com/milindkulgod/image/master/581.jpg,"['a', 'man', 'wearing', 'goggles', 'standing', 'on', 'a', 'cell', 'phone']"
582,https://raw.githubusercontent.com/milindkulgod/image/master/582.jpg,"['a', 'man', 'is', 'using', 'her', 'snowboards']"
583,https://raw.githubusercontent.com/milindkulgod/image/master/583.jpg,"['a', 'young', 'girl', 'in', 'a', 'hat', 'and', 'hair', 'in', 'front', 'of', 'a', 'sandy', 'sea']"
584,https://raw.githubusercontent.com/milindkulgod/image/master/584.jpg,"['a', 'dog', 'standing', 'on', 'the', 'frizbee']"
585,https://raw.githubusercontent.com/milindkulgod/image/master/585.jpg,"['a', 'boy', 'laying', 'on', 'a', 'couch', 'and', 'brushing', 'her', 'teeth', 'in', 'front', 'of', 'a', 'living', 'room']"
586,https://raw.githubusercontent.com/milindkulgod/image/master/586.jpg,"['a', 'man', 'sitting', 'down', 'at', 'a', 'table']"
587,https://raw.githubusercontent.com/milindkulgod/image/master/587.jpg,"['a', 'dog', 'flying', 'behind', 'a', 'wave']"
588,https://raw.githubusercontent.com/milindkulgod/image/master/588.jpg,"['a', 'dog', 'with', 'leashes', 'are', 'standing', 'on', 'the', 'snow']"
589,https://raw.githubusercontent.com/milindkulgod/image/master/589.jpg,"['a', 'man', 'holding', 'a', 'stick', 'on', 'a', 'snowy', 'hill']"
590,https://raw.githubusercontent.com/milindkulgod/image/master/590.jpg,"['a', 'dog', 'is', 'standing', 'on', 'a', 'soccer', 'ball']"
591,https://raw.githubusercontent.com/milindkulgod/image/master/591.jpg,"['a', 'bearded', 'man', 'in', 'a', 'shirt', 'and', 'a', 'glass']"
592,https://raw.githubusercontent.com/milindkulgod/image/master/592.jpg,"['a', 'baby', 'sitting', 'in', 'a', 'bib']"
593,https://raw.githubusercontent.com/milindkulgod/image/master/593.jpg,"['a', 'golden', 'dog', 'laying', 'on', 'a', 'carpet']"
594,https://raw.githubusercontent.com/milindkulgod/image/master/594.jpg,"['a', 'man', 'leads', 'his', 'foot', 'on', 'a', 'beach']"
595,https://raw.githubusercontent.com/milindkulgod/image/master/595.jpg,"['a', 'dog', 'laying', 'on', 'the', 'snow']"
596,https://raw.githubusercontent.com/milindkulgod/image/master/596.jpg,"['a', 'little', 'boy', 'riding', 'a', 'skateboard', 'in', 'a', 'park']"
597,https://raw.githubusercontent.com/milindkulgod/image/master/597.jpg,"['a', 'little', 'kid', 'is', 'concentrating'', 'down', 'a', 'snow', 'covered', 'slope']"
598,https://raw.githubusercontent.com/milindkulgod/image/master/598.jpg,"['a', 'little', 'girl', 'sitting', 'next', 'to', 'a', 'deer']"
599,https://raw.githubusercontent.com/milindkulgod/image/master/599.jpg,"['a', 'little', 'boy', 'in', 'a', 'toy', 'up', 'to', 'cut', 'his', 'teeth']"
600,https://raw.githubusercontent.com/milindkulgod/image/master/600.jpg,"['a', 'child', 'laying', 'in', 'a', 'kitten']"
